use quan_ly_khach_san
go
insert into Nhan_vien(ID_Nhan_vien,Cong_viec,Gioi_tinh,Tennv,Luong,ID_Khachsan) values
('nv001','Le tan','female','Do Phat','16741253','ks001'),
('nv002','Le tan','male','Do Huy','16610326','ks002'),
('nv003','Phuc vu phong','female','Vo Danh','14770355','ks003'),
('nv004','Phuc vu phong','female','Pham Luong','13166764','ks004'),
('nv005','Quan ly','female','Huong Tung','10926293','ks005'),
('nv006','Le tan','female','Nguyen Phong','12987981','ks006'),
('nv007','Le tan','male','Do Ha','13888669','ks007'),
('nv008','Phuc vu phong','male','Huong Hoai','14373096','ks008'),
('nv009','Phuc vu phong','male','Pham Long','17133550','ks009'),
('nv010','Quan ly','male','Tran Anh','17449634','ks010'),
('nv011','Le tan','male','Bui Tung','18862446','ks011'),
('nv012','Le tan','female','Huong Ha','17985885','ks012'),
('nv013','Phuc vu phong','male','Huong Canh','14904589','ks013'),
('nv014','Phuc vu phong','male','Nguyen Khanh','14621040','ks014'),
('nv015','Quan ly','male','Do Thuy','16365935','ks015'),
('nv016','Le tan','female','Tran Nhan','18803271','ks016'),
('nv017','Le tan','male','Tran Dung','19750670','ks017'),
('nv018','Phuc vu phong','female','Vo Dung','18560996','ks018'),
('nv019','Phuc vu phong','male','Pham Minh','16866131','ks019'),
('nv020','Quan ly','male','Le Yen','16128649','ks020'),
('nv021','Le tan','female','Do Long','15503612','ks021'),
('nv022','Le tan','female','Huong Quan','19793762','ks022'),
('nv023','Phuc vu phong','female','Nguyen Hong','18418530','ks023'),
('nv024','Phuc vu phong','female','Pham Anh','12754315','ks024'),
('nv025','Quan ly','male','Huong Lien','17664370','ks025'),
('nv026','Le tan','male','Huong Nam','12349390','ks026'),
('nv027','Le tan','male','Le Ha','16768571','ks027'),
('nv028','Phuc vu phong','male','Dang Quynh','12169746','ks028'),
('nv029','Phuc vu phong','male','Do Linh','14864824','ks029'),
('nv030','Quan ly','male','Huong Nhu','13438938','ks030'),
('nv031','Le tan','male','Dang Tan','14626788','ks031'),
('nv032','Le tan','male','Nguyen Linh','10351802','ks032'),
('nv033','Phuc vu phong','male','Ho Anh','13865164','ks033'),
('nv034','Phuc vu phong','female','Nguyen Linh','16972662','ks034'),
('nv035','Quan ly','male','Bui Nhan','11041804','ks035'),
('nv036','Le tan','male','Pham Cuong','19747826','ks036'),
('nv037','Le tan','female','Dang Thien','10436112','ks037'),
('nv038','Phuc vu phong','male','Bui Huy','17531341','ks038'),
('nv039','Phuc vu phong','female','Tran Tuyet','18573713','ks039'),
('nv040','Quan ly','female','Nguyen Phat','18931337','ks040'),
('nv041','Le tan','female','Do Huong','19625433','ks041'),
('nv042','Le tan','female','Ho Giang','17369501','ks042'),
('nv043','Phuc vu phong','female','Bui Hoai','15950336','ks043'),
('nv044','Phuc vu phong','female','Nguyen Hieu','16506289','ks044'),
('nv045','Quan ly','male','Nguyen Thao','17804621','ks045'),
('nv046','Le tan','female','Nguyen Loan','12055502','ks046'),
('nv047','Le tan','female','Tran Phuong','16334629','ks047'),
('nv048','Phuc vu phong','female','Dang Hanh','14381350','ks048'),
('nv049','Phuc vu phong','female','Le Hoa','12594148','ks049'),
('nv050','Quan ly','female','Pham Cuong','12496979','ks001'),
('nv051','Le tan','female','Le Loan','13456760','ks002'),
('nv052','Le tan','male','Huong Cuong','11008631','ks003'),
('nv053','Phuc vu phong','male','Dang Tuyet','18247440','ks004'),
('nv054','Phuc vu phong','female','Pham Mai','15653884','ks005'),
('nv055','Quan ly','male','Bui Thu','18369812','ks006'),
('nv056','Le tan','male','Dang Tam','17489794','ks007'),
('nv057','Le tan','female','Ho Linh','11246517','ks008'),
('nv058','Phuc vu phong','male','Pham Anh','18283892','ks009'),
('nv059','Phuc vu phong','male','Huong Phuong','12945313','ks010'),
('nv060','Quan ly','female','Ho Tung','10703239','ks011'),
('nv061','Le tan','female','Nguyen Trang','18108402','ks012'),
('nv062','Le tan','female','Le Tuyet','19656002','ks013'),
('nv063','Phuc vu phong','female','Do Hieu','16240532','ks014'),
('nv064','Phuc vu phong','female','Huong Hai','17495690','ks015'),
('nv065','Quan ly','male','Dang Bao','19450611','ks016'),
('nv066','Le tan','male','Vo Anh','17590463','ks017'),
('nv067','Le tan','female','Do Lien','16813040','ks018'),
('nv068','Phuc vu phong','female','Ho Diep','10000366','ks019'),
('nv069','Phuc vu phong','male','Ho Son','14440608','ks020'),
('nv070','Quan ly','male','Ho Minh','19720094','ks021'),
('nv071','Le tan','male','Dang Quang','13102269','ks022'),
('nv072','Le tan','female','Do Phu','14352825','ks023'),
('nv073','Phuc vu phong','male','Le Tung','16457286','ks024'),
('nv074','Phuc vu phong','male','Tran Linh','14348324','ks025'),
('nv075','Quan ly','male','Bui Phu','15425310','ks026'),
('nv076','Le tan','female','Vo Hien','12555901','ks027'),
('nv077','Le tan','female','Huong Trang','13407806','ks028'),
('nv078','Phuc vu phong','female','Ho Duong','12302538','ks029'),
('nv079','Phuc vu phong','female','Pham Long','13671831','ks030'),
('nv080','Quan ly','male','Huong Lien','10404306','ks031'),
('nv081','Le tan','female','Huong Phat','13551339','ks032'),
('nv082','Le tan','male','Huong Quynh','10477601','ks033'),
('nv083','Phuc vu phong','male','Ho Khoa','16885238','ks034'),
('nv084','Phuc vu phong','male','Tran Thang','12048021','ks035'),
('nv085','Quan ly','male','Do Duc','19105698','ks036'),
('nv086','Le tan','female','Pham Binh','12552848','ks037'),
('nv087','Le tan','male','Nguyen Nga','16139010','ks038'),
('nv088','Phuc vu phong','female','Pham Phuc','13364042','ks039'),
('nv089','Phuc vu phong','male','Do Tam','12636396','ks040'),
('nv090','Quan ly','female','Nguyen Nhu','14693721','ks041'),
('nv091','Le tan','male','Bui Son','13225566','ks042'),
('nv092','Le tan','male','Do Thang','10960017','ks043'),
('nv093','Phuc vu phong','male','Bui Thu','12162694','ks044'),
('nv094','Phuc vu phong','female','Ho Hung','17636456','ks045'),
('nv095','Quan ly','female','Bui Huong','17556405','ks046'),
('nv096','Le tan','male','Dang Duc','11000872','ks047'),
('nv097','Le tan','male','Nguyen Tan','11581630','ks048'),
('nv098','Phuc vu phong','female','Bui Anh','13019955','ks049'),
('nv099','Phuc vu phong','male','Do Lien','17874791','ks001'),
('nv100','Quan ly','male','Le Thien','12457376','ks002'),
('nv101','Le tan','male','Nguyen Lan','18895953','ks003'),
('nv102','Le tan','male','Le Hanh','12444668','ks004'),
('nv103','Phuc vu phong','male','Pham Hong','19714360','ks005'),
('nv104','Phuc vu phong','male','Huong Hieu','15574997','ks006'),
('nv105','Quan ly','female','Vo Anh','14735786','ks007'),
('nv106','Le tan','male','Nguyen Quang','19193471','ks008'),
('nv107','Le tan','female','Huong Ha','16464507','ks009'),
('nv108','Phuc vu phong','female','Dang Duc','18277138','ks010'),
('nv109','Phuc vu phong','male','Do Quoc','19447843','ks011'),
('nv110','Quan ly','female','Tran Cuong','11835880','ks012'),
('nv111','Le tan','female','Ho Thao','14744372','ks013'),
('nv112','Le tan','male','Dang Hanh','14384903','ks014'),
('nv113','Phuc vu phong','female','Huong Quang','17391903','ks015'),
('nv114','Phuc vu phong','female','Dang Bao','14934920','ks016'),
('nv115','Quan ly','male','Le Giang','19864573','ks017'),
('nv116','Le tan','male','Huong Mai','16412147','ks018'),
('nv117','Le tan','male','Huong Linh','13308128','ks019'),
('nv118','Phuc vu phong','male','Nguyen Lien','17526908','ks020'),
('nv119','Phuc vu phong','female','Nguyen Nam','12102695','ks021'),
('nv120','Quan ly','male','Huong Khanh','11170325','ks022'),
('nv121','Le tan','female','Vo Quang','15470548','ks023'),
('nv122','Le tan','female','Nguyen Kieu','10013023','ks024'),
('nv123','Phuc vu phong','female','Bui Loan','11063441','ks025'),
('nv124','Phuc vu phong','female','Pham Hanh','10275524','ks026'),
('nv125','Quan ly','male','Le Cuong','19955578','ks027'),
('nv126','Le tan','female','Pham Hoa','12876600','ks028'),
('nv127','Le tan','female','Bui Cam','17228592','ks029'),
('nv128','Phuc vu phong','male','Do Huy','18678067','ks030'),
('nv129','Phuc vu phong','male','Huong Cam','11646569','ks031'),
('nv130','Quan ly','female','Ho Yen','14486786','ks032'),
('nv131','Le tan','male','Dang Danh','12726433','ks033'),
('nv132','Le tan','female','Vo Phuong','10471701','ks034'),
('nv133','Phuc vu phong','female','Le Anh','19213648','ks035'),
('nv134','Phuc vu phong','male','Ho Hien','14885170','ks036'),
('nv135','Quan ly','male','Huong Ha','19114546','ks037'),
('nv136','Le tan','male','Bui Son','19838697','ks038'),
('nv137','Le tan','male','Vo Nam','18736101','ks039'),
('nv138','Phuc vu phong','male','Bui Nhan','12602424','ks040'),
('nv139','Phuc vu phong','male','Ho Yen','10991063','ks041'),
('nv140','Quan ly','female','Huong Duong','11662899','ks042'),
('nv141','Le tan','male','Ho Luong','16484488','ks043'),
('nv142','Le tan','male','Ho Nga','12304129','ks044'),
('nv143','Phuc vu phong','male','Pham Nga','19179033','ks045'),
('nv144','Phuc vu phong','male','Bui Khanh','18466653','ks046'),
('nv145','Quan ly','male','Ho Hien','18887491','ks047'),
('nv146','Le tan','female','Dang Luong','13550951','ks048'),
('nv147','Le tan','female','Tran Loan','13278542','ks049'),
('nv148','Phuc vu phong','male','Pham Thang','13031666','ks001'),
('nv149','Phuc vu phong','female','Tran Linh','12343543','ks002'),
('nv150','Quan ly','male','Vo Nhan','18731375','ks003'),
('nv151','Le tan','male','Pham Hoa','17576396','ks004'),
('nv152','Le tan','female','Huong Thuy','15856595','ks005'),
('nv153','Phuc vu phong','female','Nguyen Lan','19612899','ks006'),
('nv154','Phuc vu phong','male','Nguyen Khoa','10810622','ks007'),
('nv155','Quan ly','female','Vo Thu','16297396','ks008'),
('nv156','Le tan','female','Do Quan','14233241','ks009'),
('nv157','Le tan','male','Huong Cam','19527892','ks010'),
('nv158','Phuc vu phong','female','Bui Loan','17342070','ks011'),
('nv159','Phuc vu phong','male','Le My','17968249','ks012'),
('nv160','Quan ly','male','Tran Cam','19972874','ks013'),
('nv161','Le tan','male','Le Hai','18350851','ks014'),
('nv162','Le tan','male','Tran Diep','19622526','ks015'),
('nv163','Phuc vu phong','female','Ho Thien','18311125','ks016'),
('nv164','Phuc vu phong','male','Vo Mai','16204139','ks017'),
('nv165','Quan ly','male','Le Ha','15852111','ks018'),
('nv166','Le tan','female','Do Bao','19616850','ks019'),
('nv167','Le tan','male','Tran Thu','19145817','ks020'),
('nv168','Phuc vu phong','female','Do Bao','15736910','ks021'),
('nv169','Phuc vu phong','female','Vo Trang','18242454','ks022'),
('nv170','Quan ly','female','Ho Lam','12296088','ks023'),
('nv171','Le tan','female','Ho Thang','12325892','ks024'),
('nv172','Le tan','male','Ho Huy','19841258','ks025'),
('nv173','Phuc vu phong','male','Nguyen Linh','16408352','ks026'),
('nv174','Phuc vu phong','male','Vo Hoa','13835712','ks027'),
('nv175','Quan ly','female','Do Yen','11093630','ks028'),
('nv176','Le tan','male','Vo Nam','15404920','ks029'),
('nv177','Le tan','male','Do Nam','15255680','ks030'),
('nv178','Phuc vu phong','female','Vo Long','16453363','ks031'),
('nv179','Phuc vu phong','female','Bui Thao','18798973','ks032'),
('nv180','Quan ly','female','Do Lien','16466930','ks033'),
('nv181','Le tan','female','Do Phong','14648085','ks034'),
('nv182','Le tan','male','Tran Kieu','13283806','ks035'),
('nv183','Phuc vu phong','female','Huong Huy','13163444','ks036'),
('nv184','Phuc vu phong','female','Tran Binh','10317942','ks037'),
('nv185','Quan ly','male','Dang Giang','17426977','ks038'),
('nv186','Le tan','male','Do Nga','14626905','ks039'),
('nv187','Le tan','female','Nguyen Quoc','16510452','ks040'),
('nv188','Phuc vu phong','male','Do Canh','19191795','ks041'),
('nv189','Phuc vu phong','male','Bui Ha','18641358','ks042'),
('nv190','Quan ly','female','Do Hoa','12924853','ks043'),
('nv191','Le tan','male','Le Duong','19089242','ks044'),
('nv192','Le tan','male','Do Nga','11368788','ks045'),
('nv193','Phuc vu phong','female','Pham Nam','18432868','ks046'),
('nv194','Phuc vu phong','male','Le Thao','18377808','ks047'),
('nv195','Quan ly','female','Ho Duong','15444371','ks048'),
('nv196','Le tan','female','Nguyen Hai','11864246','ks049'),
('nv197','Le tan','female','Vo Lam','11967067','ks001'),
('nv198','Phuc vu phong','female','Tran Hanh','17400155','ks002'),
('nv199','Phuc vu phong','male','Tran Tan','13011598','ks003'),
('nv200','Quan ly','male','Do Quynh','16514594','ks004'),
('nv201','Le tan','female','Bui Khanh','10411571','ks005'),
('nv202','Le tan','male','Ho Huy','18484952','ks006'),
('nv203','Phuc vu phong','female','Dang Linh','11712955','ks007'),
('nv204','Phuc vu phong','male','Le Nhan','19574527','ks008'),
('nv205','Quan ly','male','Le Hai','12938913','ks009'),
('nv206','Le tan','female','Vo Loan','10213456','ks010'),
('nv207','Le tan','female','Nguyen Phat','12704080','ks011'),
('nv208','Phuc vu phong','female','Tran Bao','14470461','ks012'),
('nv209','Phuc vu phong','male','Tran Lan','13385613','ks013'),
('nv210','Quan ly','female','Vo Phuong','15819425','ks014'),
('nv211','Le tan','male','Bui Bao','10020552','ks015'),
('nv212','Le tan','male','Tran Phuc','14386550','ks016'),
('nv213','Phuc vu phong','female','Le Thang','15075417','ks017'),
('nv214','Phuc vu phong','male','Pham Son','14177242','ks018'),
('nv215','Quan ly','male','Ho Hoa','17682448','ks019'),
('nv216','Le tan','male','Tran Quang','11709318','ks020'),
('nv217','Le tan','female','Le Cuong','10664769','ks021'),
('nv218','Phuc vu phong','female','Pham Tuyet','16671112','ks022'),
('nv219','Phuc vu phong','female','Le Loan','10849791','ks023'),
('nv220','Quan ly','female','Do Yen','17954382','ks024'),
('nv221','Le tan','female','Do Quang','15984553','ks025'),
('nv222','Le tan','female','Pham Lam','16918508','ks026'),
('nv223','Phuc vu phong','male','Bui Hien','19124315','ks027'),
('nv224','Phuc vu phong','male','Dang Phuc','10226875','ks028'),
('nv225','Quan ly','female','Dang Huong','11603695','ks029'),
('nv226','Le tan','male','Dang Giang','10827197','ks030'),
('nv227','Le tan','female','Dang Nga','15199624','ks031'),
('nv228','Phuc vu phong','male','Vo Phuc','16344105','ks032'),
('nv229','Phuc vu phong','male','Bui Cuong','10565489','ks033'),
('nv230','Quan ly','female','Le Phat','11326406','ks034'),
('nv231','Le tan','male','Dang Linh','16235299','ks035'),
('nv232','Le tan','male','Tran Tam','17125441','ks036'),
('nv233','Phuc vu phong','female','Dang Phuc','10266787','ks037'),
('nv234','Phuc vu phong','female','Dang Quan','19006083','ks038'),
('nv235','Quan ly','male','Dang Hong','16028443','ks039'),
('nv236','Le tan','female','Huong Dung','17461228','ks040'),
('nv237','Le tan','female','Dang Phuc','15428724','ks041'),
('nv238','Phuc vu phong','male','Tran Cuong','11730275','ks042'),
('nv239','Phuc vu phong','male','Do Quang','14197570','ks043'),
('nv240','Quan ly','male','Huong Linh','10566467','ks044'),
('nv241','Le tan','male','Vo Hung','12493369','ks045'),
('nv242','Le tan','female','Bui My','11672197','ks046'),
('nv243','Phuc vu phong','male','Huong Phuong','10480958','ks047'),
('nv244','Phuc vu phong','female','Nguyen Diep','18329363','ks048'),
('nv245','Quan ly','male','Huong Loan','18311172','ks049'),
('nv246','Le tan','female','Tran Duong','18975036','ks001'),
('nv247','Le tan','male','Le Phuong','10375964','ks002'),
('nv248','Phuc vu phong','female','Huong Tung','10176945','ks003'),
('nv249','Phuc vu phong','male','Ho Binh','12284697','ks004'),
('nv250','Quan ly','male','Bui Thao','19033067','ks005'),
('nv251','Le tan','female','Nguyen Thao','16021646','ks006'),
('nv252','Le tan','male','Ho Bao','19606539','ks007'),
('nv253','Phuc vu phong','male','Bui Dai','15362757','ks008'),
('nv254','Phuc vu phong','female','Le Khanh','19789920','ks009'),
('nv255','Quan ly','male','Bui Nhu','15532541','ks010'),
('nv256','Le tan','female','Le Hoai','15589958','ks011'),
('nv257','Le tan','male','Le Phuong','14123575','ks012'),
('nv258','Phuc vu phong','female','Huong Nga','18728492','ks013'),
('nv259','Phuc vu phong','male','Nguyen Lan','13262012','ks014'),
('nv260','Quan ly','female','Bui Duong','14639101','ks015'),
('nv261','Le tan','female','Pham Dung','14394017','ks016'),
('nv262','Le tan','male','Tran Trang','11631084','ks017'),
('nv263','Phuc vu phong','male','Nguyen Loan','13527950','ks018'),
('nv264','Phuc vu phong','female','Do Linh','12494153','ks019'),
('nv265','Quan ly','female','Tran Khoa','17353046','ks020'),
('nv266','Le tan','male','Le Huy','18881067','ks021'),
('nv267','Le tan','female','Nguyen Tam','13668024','ks022'),
('nv268','Phuc vu phong','female','Ho Hoa','18529734','ks023'),
('nv269','Phuc vu phong','male','Do Duc','18232037','ks024'),
('nv270','Quan ly','female','Tran Hung','16459690','ks025'),
('nv271','Le tan','female','Ho Phuc','15124871','ks026'),
('nv272','Le tan','male','Do My','18146850','ks027'),
('nv273','Phuc vu phong','male','Bui Hai','19029196','ks028'),
('nv274','Phuc vu phong','male','Vo Duong','11455392','ks029'),
('nv275','Quan ly','male','Bui Khanh','16234939','ks030'),
('nv276','Le tan','female','Le Tan','16017596','ks031'),
('nv277','Le tan','female','Pham Tuyet','14241436','ks032'),
('nv278','Phuc vu phong','male','Tran Duc','16488203','ks033'),
('nv279','Phuc vu phong','female','Huong Son','19446483','ks034'),
('nv280','Quan ly','male','Pham Hung','17072319','ks035'),
('nv281','Le tan','male','Tran Khanh','10044058','ks036'),
('nv282','Le tan','male','Dang Nhu','10589663','ks037'),
('nv283','Phuc vu phong','male','Huong Thang','10489687','ks038'),
('nv284','Phuc vu phong','male','Vo Tuyet','19953699','ks039'),
('nv285','Quan ly','male','Ho Nhan','13463104','ks040'),
('nv286','Le tan','male','Le Huong','12533067','ks041'),
('nv287','Le tan','female','Ho Giang','14777002','ks042'),
('nv288','Phuc vu phong','male','Do Phu','16334077','ks043'),
('nv289','Phuc vu phong','female','Vo Trang','15389160','ks044'),
('nv290','Quan ly','female','Ho Duc','12300044','ks045'),
('nv291','Le tan','female','Nguyen Lan','16553007','ks046'),
('nv292','Le tan','male','Do Danh','17074806','ks047'),
('nv293','Phuc vu phong','male','Ho Quoc','16687159','ks048'),
('nv294','Phuc vu phong','male','Bui Khoa','12484913','ks049'),
('nv295','Quan ly','female','Le Phat','15654309','ks001'),
('nv296','Le tan','female','Le Khoa','12329495','ks002'),
('nv297','Le tan','female','Le Linh','19740587','ks003'),
('nv298','Phuc vu phong','female','Ho Phong','15893858','ks004'),
('nv299','Phuc vu phong','female','Do Tuyet','15608968','ks005'),
('nv300','Quan ly','female','Dang Binh','19758728','ks006'),
('nv301','Le tan','male','Do Lien','14031807','ks007'),
('nv302','Le tan','male','Tran Thao','19209926','ks008'),
('nv303','Phuc vu phong','male','Nguyen Mai','14381968','ks009'),
('nv304','Phuc vu phong','male','Huong Thang','17386287','ks010'),
('nv305','Quan ly','male','Vo Thu','18852573','ks011'),
('nv306','Le tan','male','Ho Khoa','17533462','ks012'),
('nv307','Le tan','male','Vo Hai','14105558','ks013'),
('nv308','Phuc vu phong','male','Huong Quoc','18067236','ks014'),
('nv309','Phuc vu phong','female','Nguyen Quang','14771700','ks015'),
('nv310','Quan ly','female','Do Thuy','15774486','ks016'),
('nv311','Le tan','male','Huong Phuc','13555884','ks017'),
('nv312','Le tan','male','Vo Huong','12223953','ks018'),
('nv313','Phuc vu phong','male','Pham Phuong','10529199','ks019'),
('nv314','Phuc vu phong','female','Huong Huy','14183338','ks020'),
('nv315','Quan ly','female','Bui Tung','18422024','ks021'),
('nv316','Le tan','female','Vo Tung','15898735','ks022'),
('nv317','Le tan','female','Ho Tuyet','12448464','ks023'),
('nv318','Phuc vu phong','female','Vo Hien','16123501','ks024'),
('nv319','Phuc vu phong','female','Ho Long','18482245','ks025'),
('nv320','Quan ly','female','Pham Thao','18768837','ks026'),
('nv321','Le tan','female','Dang Khanh','18931140','ks027'),
('nv322','Le tan','female','Pham Bao','17524760','ks028'),
('nv323','Phuc vu phong','male','Bui Quang','18766709','ks029'),
('nv324','Phuc vu phong','female','Bui My','19371184','ks030'),
('nv325','Quan ly','male','Nguyen Hong','15967205','ks031'),
('nv326','Le tan','female','Bui Hung','15897214','ks032'),
('nv327','Le tan','male','Vo Son','15975381','ks033'),
('nv328','Phuc vu phong','female','Pham Linh','11449351','ks034'),
('nv329','Phuc vu phong','male','Huong Minh','14805590','ks035'),
('nv330','Quan ly','female','Pham Thu','18552468','ks036'),
('nv331','Le tan','male','Pham Quan','14797332','ks037'),
('nv332','Le tan','female','Le Yen','14624358','ks038'),
('nv333','Phuc vu phong','male','Le Huong','19818578','ks039'),
('nv334','Phuc vu phong','female','Tran Hoa','18386675','ks040'),
('nv335','Quan ly','female','Nguyen Anh','16633449','ks041'),
('nv336','Le tan','female','Vo Minh','17178128','ks042'),
('nv337','Le tan','male','Vo Duc','14297310','ks043'),
('nv338','Phuc vu phong','male','Le Trang','16011352','ks044'),
('nv339','Phuc vu phong','male','Bui Tung','19876558','ks045'),
('nv340','Quan ly','female','Ho Phong','10705734','ks046'),
('nv341','Le tan','female','Vo Hoa','15432040','ks047'),
('nv342','Le tan','female','Do Thien','19606697','ks048'),
('nv343','Phuc vu phong','male','Nguyen Loan','13447825','ks049'),
('nv344','Phuc vu phong','female','Do Loan','12027496','ks001'),
('nv345','Quan ly','female','Vo Bao','13349416','ks002'),
('nv346','Le tan','female','Ho Lien','10560557','ks003'),
('nv347','Le tan','male','Nguyen Phuong','14258452','ks004'),
('nv348','Phuc vu phong','male','Ho Ha','14906930','ks005'),
('nv349','Phuc vu phong','female','Dang Long','12546715','ks006'),
('nv350','Quan ly','female','Bui Phuong','14690458','ks007'),
('nv351','Le tan','male','Dang Phuc','10056229','ks008'),
('nv352','Le tan','female','Dang Huy','12045977','ks009'),
('nv353','Phuc vu phong','male','Dang Canh','13070757','ks010'),
('nv354','Phuc vu phong','male','Pham Loan','15681679','ks011'),
('nv355','Quan ly','female','Le Khanh','15496197','ks012'),
('nv356','Le tan','female','Huong Khoa','10029059','ks013'),
('nv357','Le tan','male','Dang Diep','13658490','ks014'),
('nv358','Phuc vu phong','male','Dang Kieu','17443417','ks015'),
('nv359','Phuc vu phong','male','Huong Lan','15993932','ks016'),
('nv360','Quan ly','male','Ho Thu','14732694','ks017'),
('nv361','Le tan','female','Huong Yen','15540022','ks018'),
('nv362','Le tan','female','Vo Minh','16055547','ks019'),
('nv363','Phuc vu phong','female','Bui Thuy','12481419','ks020'),
('nv364','Phuc vu phong','male','Vo Mai','16897213','ks021'),
('nv365','Quan ly','male','Bui Minh','11048000','ks022'),
('nv366','Le tan','female','Dang Nhu','17164032','ks023'),
('nv367','Le tan','male','Ho My','15498196','ks024'),
('nv368','Phuc vu phong','female','Pham Quoc','11352408','ks025'),
('nv369','Phuc vu phong','male','Tran Phat','13822441','ks026'),
('nv370','Quan ly','female','Do My','17585154','ks027'),
('nv371','Le tan','male','Bui Thien','19770748','ks028'),
('nv372','Le tan','female','Do Long','16461623','ks029'),
('nv373','Phuc vu phong','male','Le Huong','17375584','ks030'),
('nv374','Phuc vu phong','male','Dang Hieu','15239558','ks031'),
('nv375','Quan ly','male','Ho Son','15882527','ks032'),
('nv376','Le tan','female','Vo Dung','15252260','ks033'),
('nv377','Le tan','male','Dang Duc','19404455','ks034'),
('nv378','Phuc vu phong','female','Tran Huong','14627513','ks035'),
('nv379','Phuc vu phong','male','Le Binh','11583235','ks036'),
('nv380','Quan ly','male','Ho Cam','17622299','ks037'),
('nv381','Le tan','male','Dang Long','11172801','ks038'),
('nv382','Le tan','male','Huong Quynh','10468485','ks039'),
('nv383','Phuc vu phong','male','Dang Khoa','16511752','ks040'),
('nv384','Phuc vu phong','male','Huong Hung','17045781','ks041'),
('nv385','Quan ly','male','Pham Nga','12561313','ks042'),
('nv386','Le tan','female','Le Thang','16398392','ks043'),
('nv387','Le tan','male','Bui Khanh','15221254','ks044'),
('nv388','Phuc vu phong','female','Pham Thao','16667955','ks045'),
('nv389','Phuc vu phong','male','Dang Thien','13602116','ks046'),
('nv390','Quan ly','male','Tran Ha','19278170','ks047'),
('nv391','Le tan','female','Ho Quynh','14477232','ks048'),
('nv392','Le tan','male','Le Luong','13785896','ks049'),
('nv393','Phuc vu phong','male','Huong Khanh','11153628','ks001'),
('nv394','Phuc vu phong','female','Nguyen Phuc','11523815','ks002'),
('nv395','Quan ly','male','Le Diep','19263694','ks003'),
('nv396','Le tan','female','Tran Binh','19328393','ks004'),
('nv397','Le tan','female','Vo Anh','17974851','ks005'),
('nv398','Phuc vu phong','male','Vo My','14410867','ks006'),
('nv399','Phuc vu phong','female','Bui Dai','15135127','ks007'),
('nv400','Quan ly','male','Vo Thien','12749980','ks008'),
('nv401','Le tan','female','Nguyen Hieu','18520191','ks009'),
('nv402','Le tan','female','Do Duong','19632008','ks010'),
('nv403','Phuc vu phong','female','Huong Hai','14251132','ks011'),
('nv404','Phuc vu phong','male','Le Nhan','11804373','ks012'),
('nv405','Quan ly','female','Dang Minh','12879506','ks013'),
('nv406','Le tan','female','Bui Thien','17339784','ks014'),
('nv407','Le tan','male','Vo Mai','17606562','ks015'),
('nv408','Phuc vu phong','female','Vo Thien','10297287','ks016'),
('nv409','Phuc vu phong','male','Pham Son','12376408','ks017'),
('nv410','Quan ly','male','Vo Khanh','19593252','ks018'),
('nv411','Le tan','male','Bui Dai','14706706','ks019'),
('nv412','Le tan','male','Do Tan','17695175','ks020'),
('nv413','Phuc vu phong','female','Vo Dung','17714350','ks021'),
('nv414','Phuc vu phong','female','Do Thang','16046737','ks022'),
('nv415','Quan ly','male','Le Anh','11882218','ks023'),
('nv416','Le tan','male','Nguyen Linh','14389782','ks024'),
('nv417','Le tan','male','Nguyen Hieu','19369920','ks025'),
('nv418','Phuc vu phong','male','Vo Lan','15157780','ks026'),
('nv419','Phuc vu phong','male','Ho Hieu','15721048','ks027'),
('nv420','Quan ly','female','Le Phuc','18141883','ks028'),
('nv421','Le tan','female','Vo Huy','19973145','ks029'),
('nv422','Le tan','male','Nguyen Tuyet','12958897','ks030'),
('nv423','Phuc vu phong','male','Dang Hoai','18088826','ks031'),
('nv424','Phuc vu phong','female','Do Bao','13640478','ks032'),
('nv425','Quan ly','male','Nguyen Hoa','16987198','ks033'),
('nv426','Le tan','male','Dang Quang','19392877','ks034'),
('nv427','Le tan','male','Bui Trang','15669868','ks035'),
('nv428','Phuc vu phong','male','Le Son','14860648','ks036'),
('nv429','Phuc vu phong','male','Bui Hai','18866884','ks037'),
('nv430','Quan ly','female','Do Khoa','12193069','ks038'),
('nv431','Le tan','female','Dang Huy','10526967','ks039'),
('nv432','Le tan','male','Vo Yen','19052122','ks040'),
('nv433','Phuc vu phong','male','Pham Hanh','14220401','ks041'),
('nv434','Phuc vu phong','female','Le Hoa','14988596','ks042'),
('nv435','Quan ly','female','Le Hoa','17683170','ks043'),
('nv436','Le tan','male','Pham Quan','15569178','ks044'),
('nv437','Le tan','male','Le Hung','19958036','ks045'),
('nv438','Phuc vu phong','male','Bui Nam','15893606','ks046'),
('nv439','Phuc vu phong','female','Tran Ha','12854462','ks047'),
('nv440','Quan ly','female','Huong Canh','14912994','ks048'),
('nv441','Le tan','male','Nguyen Phuong','17668253','ks049'),
('nv442','Le tan','male','Bui Phuc','17091165','ks001'),
('nv443','Phuc vu phong','male','Nguyen Khanh','12192510','ks002'),
('nv444','Phuc vu phong','male','Do Hong','15420161','ks003'),
('nv445','Quan ly','female','Le Dung','15259811','ks004'),
('nv446','Le tan','male','Le Bao','10056789','ks005'),
('nv447','Le tan','female','Huong Quang','19974684','ks006'),
('nv448','Phuc vu phong','female','Ho Nhan','15996013','ks007'),
('nv449','Phuc vu phong','female','Vo Hien','12734198','ks008'),
('nv450','Quan ly','male','Dang Thao','17138519','ks009'),
('nv451','Le tan','female','Pham Loan','17795833','ks010'),
('nv452','Le tan','female','Dang Minh','12963517','ks011'),
('nv453','Phuc vu phong','male','Do Duong','11159436','ks012'),
('nv454','Phuc vu phong','male','Tran Huy','18333680','ks013'),
('nv455','Quan ly','male','Do Ha','15036706','ks014'),
('nv456','Le tan','male','Do Linh','12710543','ks015'),
('nv457','Le tan','male','Do Danh','10257419','ks016'),
('nv458','Phuc vu phong','female','Pham Anh','11747905','ks017'),
('nv459','Phuc vu phong','female','Le Thien','18206128','ks018'),
('nv460','Quan ly','female','Huong Diep','14983135','ks019'),
('nv461','Le tan','female','Nguyen Phuc','10387565','ks020'),
('nv462','Le tan','male','Nguyen Thuy','18309913','ks021'),
('nv463','Phuc vu phong','female','Le Canh','12953844','ks022'),
('nv464','Phuc vu phong','male','Vo Bao','14753704','ks023'),
('nv465','Quan ly','male','Ho Tung','12289086','ks024'),
('nv466','Le tan','male','Dang Thang','10859611','ks025'),
('nv467','Le tan','female','Pham Minh','14421900','ks026'),
('nv468','Phuc vu phong','female','Bui Khoa','16329165','ks027'),
('nv469','Phuc vu phong','female','Ho Diep','11015889','ks028'),
('nv470','Quan ly','male','Nguyen Cuong','11273867','ks029'),
('nv471','Le tan','female','Ho Hoai','13814390','ks030'),
('nv472','Le tan','female','Ho Nam','19632893','ks031'),
('nv473','Phuc vu phong','female','Tran Phuc','14537227','ks032'),
('nv474','Phuc vu phong','male','Do Hai','10841275','ks033'),
('nv475','Quan ly','male','Vo Phuc','13065185','ks034'),
('nv476','Le tan','female','Nguyen Khanh','19647469','ks035'),
('nv477','Le tan','male','Pham Loan','18947239','ks036'),
('nv478','Phuc vu phong','female','Tran Phong','19907358','ks037'),
('nv479','Phuc vu phong','female','Le Thuy','17881144','ks038'),
('nv480','Quan ly','male','Dang Anh','14364377','ks039'),
('nv481','Le tan','female','Pham Trang','14966809','ks040'),
('nv482','Le tan','male','Pham Nhu','14684309','ks041'),
('nv483','Phuc vu phong','female','Huong Nam','11661562','ks042'),
('nv484','Phuc vu phong','female','Pham Huy','12389492','ks043'),
('nv485','Quan ly','male','Pham Hoai','15469425','ks044'),
('nv486','Le tan','male','Le Quoc','14183791','ks045'),
('nv487','Le tan','male','Nguyen Hung','11639730','ks046'),
('nv488','Phuc vu phong','female','Huong Son','12639843','ks047'),
('nv489','Phuc vu phong','female','Pham Phu','18214412','ks048'),
('nv490','Quan ly','male','Le Mai','12136821','ks049'),
('nv491','Le tan','female','Huong Lien','10219940','ks001'),
('nv492','Le tan','male','Vo Giang','10259855','ks002'),
('nv493','Phuc vu phong','female','Pham Hanh','16373497','ks003'),
('nv494','Phuc vu phong','male','Pham Tuyet','17118118','ks004'),
('nv495','Quan ly','female','Ho Danh','12242328','ks005'),
('nv496','Le tan','male','Tran Tung','18119624','ks006'),
('nv497','Le tan','male','Pham Lien','19548683','ks007'),
('nv498','Phuc vu phong','male','Dang Quynh','13933654','ks008'),
('nv499','Phuc vu phong','male','Nguyen Son','19947108','ks009'),
('nv500','Quan ly','male','Tran Hai','15441199','ks010'),
('nv501','Le tan','female','Nguyen Tuyet','13603397','ks011'),
('nv502','Le tan','female','Pham Tam','12158273','ks012'),
('nv503','Phuc vu phong','male','Huong Hieu','10457192','ks013'),
('nv504','Phuc vu phong','male','Ho Hoai','16093878','ks014'),
('nv505','Quan ly','male','Do Thao','10402891','ks015'),
('nv506','Le tan','male','Nguyen Phuc','15581662','ks016'),
('nv507','Le tan','female','Bui Hoa','13197666','ks017'),
('nv508','Phuc vu phong','male','Vo Hanh','11394451','ks018'),
('nv509','Phuc vu phong','female','Le Lien','14670090','ks019'),
('nv510','Quan ly','female','Huong Tan','17855521','ks020'),
('nv511','Le tan','male','Le Nhan','17310519','ks021'),
('nv512','Le tan','female','Vo Hai','11818585','ks022'),
('nv513','Phuc vu phong','male','Pham Linh','19783629','ks023'),
('nv514','Phuc vu phong','female','Dang Tan','12826617','ks024'),
('nv515','Quan ly','female','Pham Dung','16765467','ks025'),
('nv516','Le tan','female','Do Hoa','10611309','ks026'),
('nv517','Le tan','female','Le Phong','11333346','ks027'),
('nv518','Phuc vu phong','male','Le Yen','15020520','ks028'),
('nv519','Phuc vu phong','female','Le Linh','10638341','ks029'),
('nv520','Quan ly','male','Do Nhan','18489435','ks030'),
('nv521','Le tan','female','Bui Thien','13596456','ks031'),
('nv522','Le tan','male','Ho Hoa','15285007','ks032'),
('nv523','Phuc vu phong','male','Nguyen Ha','14177956','ks033'),
('nv524','Phuc vu phong','female','Nguyen Thien','15429891','ks034'),
('nv525','Quan ly','female','Do Lien','16971423','ks035'),
('nv526','Le tan','female','Tran Cuong','15001977','ks036'),
('nv527','Le tan','female','Dang Long','11250428','ks037'),
('nv528','Phuc vu phong','female','Le Hoa','13532005','ks038'),
('nv529','Phuc vu phong','female','Tran Nam','12553453','ks039'),
('nv530','Quan ly','male','Nguyen Cam','12810646','ks040'),
('nv531','Le tan','male','Pham Lam','10435416','ks041'),
('nv532','Le tan','male','Pham Hoa','16317396','ks042'),
('nv533','Phuc vu phong','male','Nguyen Hung','17328377','ks043'),
('nv534','Phuc vu phong','female','Vo Linh','10927247','ks044'),
('nv535','Quan ly','female','Huong Thien','19670931','ks045'),
('nv536','Le tan','male','Tran Hai','16493032','ks046'),
('nv537','Le tan','male','Tran Minh','10706254','ks047'),
('nv538','Phuc vu phong','female','Huong Tuyet','19164385','ks048'),
('nv539','Phuc vu phong','female','Huong Bao','11691513','ks049'),
('nv540','Quan ly','female','Ho Nam','14837899','ks001'),
('nv541','Le tan','male','Do Lien','15747221','ks002'),
('nv542','Le tan','male','Dang Hanh','17790395','ks003'),
('nv543','Phuc vu phong','female','Tran Lien','14590310','ks004'),
('nv544','Phuc vu phong','female','Dang Giang','12653039','ks005'),
('nv545','Quan ly','female','Ho Kieu','10405591','ks006'),
('nv546','Le tan','male','Ho Khanh','10043841','ks007'),
('nv547','Le tan','female','Nguyen Thao','11626550','ks008'),
('nv548','Phuc vu phong','male','Ho Trang','10440879','ks009'),
('nv549','Phuc vu phong','female','Dang Linh','17382812','ks010'),
('nv550','Quan ly','male','Huong Giang','12462609','ks011'),
('nv551','Le tan','female','Bui Yen','14748525','ks012'),
('nv552','Le tan','female','Ho Linh','10289109','ks013'),
('nv553','Phuc vu phong','male','Bui Hoai','19640010','ks014'),
('nv554','Phuc vu phong','female','Pham My','16365188','ks015'),
('nv555','Quan ly','male','Le Hoa','17945135','ks016'),
('nv556','Le tan','female','Vo Bao','18938891','ks017'),
('nv557','Le tan','female','Bui Quang','16740238','ks018'),
('nv558','Phuc vu phong','female','Ho Yen','19720642','ks019'),
('nv559','Phuc vu phong','female','Huong Nhu','16546968','ks020'),
('nv560','Quan ly','male','Vo Phuc','10711965','ks021'),
('nv561','Le tan','male','Nguyen Khanh','10842221','ks022'),
('nv562','Le tan','male','Pham Loan','13991414','ks023'),
('nv563','Phuc vu phong','male','Ho Quan','15664458','ks024'),
('nv564','Phuc vu phong','female','Dang Duc','17097465','ks025'),
('nv565','Quan ly','female','Dang Thien','11615529','ks026'),
('nv566','Le tan','female','Ho Phu','14165703','ks027'),
('nv567','Le tan','male','Do Dung','18641919','ks028'),
('nv568','Phuc vu phong','male','Do Mai','14725235','ks029'),
('nv569','Phuc vu phong','female','Pham Son','13422702','ks030'),
('nv570','Quan ly','female','Dang Bao','12447730','ks031'),
('nv571','Le tan','male','Dang Thu','16332984','ks032'),
('nv572','Le tan','female','Tran Anh','11720923','ks033'),
('nv573','Phuc vu phong','female','Do Tan','11697677','ks034'),
('nv574','Phuc vu phong','female','Dang Thang','16314150','ks035'),
('nv575','Quan ly','male','Bui Cam','15385528','ks036'),
('nv576','Le tan','male','Vo Cuong','12839333','ks037'),
('nv577','Le tan','male','Bui Tung','11691212','ks038'),
('nv578','Phuc vu phong','female','Ho Diep','10484238','ks039'),
('nv579','Phuc vu phong','male','Dang Danh','17021990','ks040'),
('nv580','Quan ly','female','Nguyen Thao','11817866','ks041'),
('nv581','Le tan','male','Bui Ha','10880715','ks042'),
('nv582','Le tan','male','Dang Canh','19175717','ks043'),
('nv583','Phuc vu phong','male','Pham Diep','18655539','ks044'),
('nv584','Phuc vu phong','male','Le Hoa','10805483','ks045'),
('nv585','Quan ly','male','Vo Khanh','11408012','ks046'),
('nv586','Le tan','female','Do Tung','19026764','ks047'),
('nv587','Le tan','female','Nguyen Phu','18341538','ks048'),
('nv588','Phuc vu phong','male','Huong Phuong','17864308','ks049'),
('nv589','Phuc vu phong','female','Le Tung','17970710','ks001'),
('nv590','Quan ly','female','Dang Lan','18840059','ks002'),
('nv591','Le tan','male','Le Dung','11377193','ks003'),
('nv592','Le tan','female','Pham Lan','17426543','ks004'),
('nv593','Phuc vu phong','female','Do Tuyet','17406252','ks005'),
('nv594','Phuc vu phong','male','Dang Dung','19194858','ks006'),
('nv595','Quan ly','female','Ho Danh','10295333','ks007'),
('nv596','Le tan','female','Vo Phong','16778328','ks008'),
('nv597','Le tan','male','Tran Yen','11871058','ks009'),
('nv598','Phuc vu phong','female','Huong Tan','17344220','ks010'),
('nv599','Phuc vu phong','female','Huong Lan','19876655','ks011'),
('nv600','Quan ly','female','Vo Bao','15272579','ks012'),
('nv601','Le tan','female','Pham Quoc','16296633','ks013'),
('nv602','Le tan','female','Ho Cam','12138583','ks014'),
('nv603','Phuc vu phong','male','Tran Hai','19323701','ks015'),
('nv604','Phuc vu phong','male','Tran Nam','17303761','ks016'),
('nv605','Quan ly','male','Ho Nhan','18227457','ks017'),
('nv606','Le tan','male','Huong Bao','17194503','ks018'),
('nv607','Le tan','male','Dang Hoa','13103404','ks019'),
('nv608','Phuc vu phong','male','Ho Long','16965003','ks020'),
('nv609','Phuc vu phong','male','Vo Thu','16103191','ks021'),
('nv610','Quan ly','male','Dang Bao','17288230','ks022'),
('nv611','Le tan','female','Huong Canh','19511376','ks023'),
('nv612','Le tan','female','Huong Nga','10266020','ks024'),
('nv613','Phuc vu phong','female','Pham Hai','14682332','ks025'),
('nv614','Phuc vu phong','female','Bui Huy','14777813','ks026'),
('nv615','Quan ly','male','Pham Loan','16570487','ks027'),
('nv616','Le tan','female','Do Quang','18020747','ks028'),
('nv617','Le tan','female','Tran Diep','16402895','ks029'),
('nv618','Phuc vu phong','female','Tran Tuyet','14479490','ks030'),
('nv619','Phuc vu phong','female','Le Mai','18963160','ks031'),
('nv620','Quan ly','male','Tran Quang','13987948','ks032'),
('nv621','Le tan','male','Nguyen Anh','18895249','ks033'),
('nv622','Le tan','female','Do Bao','15654140','ks034'),
('nv623','Phuc vu phong','female','Bui Hanh','16030904','ks035'),
('nv624','Phuc vu phong','male','Ho Huong','18796328','ks036'),
('nv625','Quan ly','female','Do Lam','17390059','ks037'),
('nv626','Le tan','female','Le Linh','12764054','ks038'),
('nv627','Le tan','female','Do Nhan','11197519','ks039'),
('nv628','Phuc vu phong','male','Dang Thang','10257355','ks040'),
('nv629','Phuc vu phong','female','Vo Dung','16819943','ks041'),
('nv630','Quan ly','female','Bui Danh','17011462','ks042'),
('nv631','Le tan','female','Bui Quoc','11207856','ks043'),
('nv632','Le tan','male','Huong Hoai','17122874','ks044'),
('nv633','Phuc vu phong','female','Ho Phuong','11692242','ks045'),
('nv634','Phuc vu phong','female','Dang Huong','18705315','ks046'),
('nv635','Quan ly','male','Dang Binh','12157588','ks047'),
('nv636','Le tan','male','Le Phong','11526847','ks048'),
('nv637','Le tan','female','Pham Cuong','17603468','ks049'),
('nv638','Phuc vu phong','female','Nguyen Anh','12383010','ks001'),
('nv639','Phuc vu phong','male','Pham Huong','11524425','ks002'),
('nv640','Quan ly','male','Ho Trang','19914850','ks003'),
('nv641','Le tan','female','Dang Thien','16530593','ks004'),
('nv642','Le tan','male','Tran Trang','10690545','ks005'),
('nv643','Phuc vu phong','female','Do Hoa','19757576','ks006'),
('nv644','Phuc vu phong','female','Le Ha','14512678','ks007'),
('nv645','Quan ly','female','Ho Thuy','12245306','ks008'),
('nv646','Le tan','female','Huong Kieu','17991837','ks009'),
('nv647','Le tan','male','Nguyen Thien','11421528','ks010'),
('nv648','Phuc vu phong','female','Bui Son','15801022','ks011'),
('nv649','Phuc vu phong','male','Bui Hien','10903841','ks012'),
('nv650','Quan ly','male','Huong Nhu','14974038','ks013'),
('nv651','Le tan','male','Dang Thang','13394136','ks014'),
('nv652','Le tan','female','Bui Nhu','10276011','ks015'),
('nv653','Phuc vu phong','male','Le Thuy','13590598','ks016'),
('nv654','Phuc vu phong','male','Huong Khoa','19235891','ks017'),
('nv655','Quan ly','male','Tran My','18361025','ks018'),
('nv656','Le tan','male','Nguyen Khoa','11448072','ks019'),
('nv657','Le tan','female','Pham Hai','16257755','ks020'),
('nv658','Phuc vu phong','female','Bui Son','13406758','ks021'),
('nv659','Phuc vu phong','male','Nguyen Hoai','16692928','ks022'),
('nv660','Quan ly','female','Tran Nhu','11069430','ks023'),
('nv661','Le tan','female','Nguyen Hong','14424865','ks024'),
('nv662','Le tan','female','Pham Thuy','13484678','ks025'),
('nv663','Phuc vu phong','male','Pham Loan','11106475','ks026'),
('nv664','Phuc vu phong','female','Bui Phuong','16490857','ks027'),
('nv665','Quan ly','male','Bui Bao','12455831','ks028'),
('nv666','Le tan','male','Tran Quang','12653553','ks029'),
('nv667','Le tan','female','Tran Bao','10437932','ks030'),
('nv668','Phuc vu phong','female','Nguyen Hai','18109155','ks031'),
('nv669','Phuc vu phong','male','Pham Tam','16871993','ks032'),
('nv670','Quan ly','male','Dang Tam','11498171','ks033'),
('nv671','Le tan','male','Pham Diep','10555022','ks034'),
('nv672','Le tan','male','Bui Danh','14359301','ks035'),
('nv673','Phuc vu phong','female','Le Anh','16416748','ks036'),
('nv674','Phuc vu phong','male','Do Lam','12284483','ks037'),
('nv675','Quan ly','female','Tran Thu','17679826','ks038'),
('nv676','Le tan','male','Ho My','17136887','ks039'),
('nv677','Le tan','female','Huong Long','11443359','ks040'),
('nv678','Phuc vu phong','female','Bui Phuc','16451758','ks041'),
('nv679','Phuc vu phong','female','Pham Son','15004527','ks042'),
('nv680','Quan ly','male','Le Hai','12080975','ks043'),
('nv681','Le tan','female','Bui Loan','15552289','ks044'),
('nv682','Le tan','male','Huong Duong','19139982','ks045'),
('nv683','Phuc vu phong','female','Vo Thien','12395519','ks046'),
('nv684','Phuc vu phong','female','Dang Tam','14637948','ks047'),
('nv685','Quan ly','female','Vo Phat','19133709','ks048'),
('nv686','Le tan','male','Bui Loan','16522535','ks049'),
('nv687','Le tan','female','Tran Phong','14883475','ks001'),
('nv688','Phuc vu phong','female','Bui Phuc','19000302','ks002'),
('nv689','Phuc vu phong','male','Pham Binh','17536769','ks003'),
('nv690','Quan ly','female','Dang Minh','11455708','ks004'),
('nv691','Le tan','male','Huong Lien','15771042','ks005'),
('nv692','Le tan','male','Bui Nga','15444459','ks006'),
('nv693','Phuc vu phong','female','Le Thu','15187528','ks007'),
('nv694','Phuc vu phong','female','Tran Lam','16472769','ks008'),
('nv695','Quan ly','female','Do Mai','12112591','ks009'),
('nv696','Le tan','male','Pham Huong','10985314','ks010'),
('nv697','Le tan','female','Huong Bao','12474564','ks011'),
('nv698','Phuc vu phong','male','Vo Thuy','18301870','ks012'),
('nv699','Phuc vu phong','female','Dang Phat','17343834','ks013'),
('nv700','Quan ly','male','Vo Cuong','16640391','ks014'),
('nv701','Le tan','male','Le Linh','15192291','ks015'),
('nv702','Le tan','male','Huong Thuy','10788005','ks016'),
('nv703','Phuc vu phong','female','Vo Hoa','12253434','ks017'),
('nv704','Phuc vu phong','male','Bui Bao','13410354','ks018'),
('nv705','Quan ly','female','Ho Hoa','15388661','ks019'),
('nv706','Le tan','male','Le Lan','18181733','ks020'),
('nv707','Le tan','male','Vo Quang','18660844','ks021'),
('nv708','Phuc vu phong','female','Ho Long','13240498','ks022'),
('nv709','Phuc vu phong','male','Huong Khanh','18117150','ks023'),
('nv710','Quan ly','female','Vo Thang','13177076','ks024'),
('nv711','Le tan','female','Le Hanh','17331034','ks025'),
('nv712','Le tan','female','Tran Hai','19726145','ks026'),
('nv713','Phuc vu phong','male','Pham Canh','14229097','ks027'),
('nv714','Phuc vu phong','male','Bui Thu','15131113','ks028'),
('nv715','Quan ly','female','Do Cam','16899063','ks029'),
('nv716','Le tan','male','Nguyen Minh','17618274','ks030'),
('nv717','Le tan','male','Do Tung','11760389','ks031'),
('nv718','Phuc vu phong','male','Vo Thang','18119272','ks032'),
('nv719','Phuc vu phong','female','Vo Tam','17789784','ks033'),
('nv720','Quan ly','male','Bui Dung','15890798','ks034'),
('nv721','Le tan','female','Huong Khanh','15863609','ks035'),
('nv722','Le tan','female','Pham Huong','14503414','ks036'),
('nv723','Phuc vu phong','female','Vo Tung','17107959','ks037'),
('nv724','Phuc vu phong','male','Dang Nhan','18877897','ks038'),
('nv725','Quan ly','male','Nguyen Duc','19835826','ks039'),
('nv726','Le tan','female','Nguyen Huong','12400004','ks040'),
('nv727','Le tan','female','Ho Cuong','15025595','ks041'),
('nv728','Phuc vu phong','male','Nguyen Phu','16915684','ks042'),
('nv729','Phuc vu phong','male','Le Phu','13477867','ks043'),
('nv730','Quan ly','male','Ho Dung','10944791','ks044'),
('nv731','Le tan','male','Huong Hong','12867219','ks045'),
('nv732','Le tan','male','Dang Thien','13855608','ks046'),
('nv733','Phuc vu phong','male','Vo Phuong','12716019','ks047'),
('nv734','Phuc vu phong','female','Tran Danh','19245353','ks048'),
('nv735','Quan ly','male','Vo Danh','16709282','ks049'),
('nv736','Le tan','male','Huong Hong','13524802','ks001'),
('nv737','Le tan','female','Le Quoc','16386118','ks002'),
('nv738','Phuc vu phong','male','Huong Loan','12179907','ks003'),
('nv739','Phuc vu phong','male','Le Mai','11135576','ks004'),
('nv740','Quan ly','male','Do Phuong','16618801','ks005'),
('nv741','Le tan','male','Dang Dung','16819435','ks006'),
('nv742','Le tan','female','Ho Cam','17183097','ks007'),
('nv743','Phuc vu phong','female','Pham My','10609698','ks008'),
('nv744','Phuc vu phong','male','Le Tuyet','14740300','ks009'),
('nv745','Quan ly','female','Do Son','13443208','ks010'),
('nv746','Le tan','male','Bui Hai','18618456','ks011'),
('nv747','Le tan','male','Ho Duong','10974744','ks012'),
('nv748','Phuc vu phong','male','Nguyen Huy','10709491','ks013'),
('nv749','Phuc vu phong','female','Vo Khanh','14932231','ks014'),
('nv750','Quan ly','female','Pham Thu','19739120','ks015'),
('nv751','Le tan','male','Pham Phat','15158566','ks016'),
('nv752','Le tan','male','Vo Linh','18891039','ks017'),
('nv753','Phuc vu phong','male','Dang Khanh','17998834','ks018'),
('nv754','Phuc vu phong','male','Nguyen Cam','10654849','ks019'),
('nv755','Quan ly','female','Ho Hong','10136011','ks020'),
('nv756','Le tan','female','Ho Nhu','15553882','ks021'),
('nv757','Le tan','female','Do Khoa','11908460','ks022'),
('nv758','Phuc vu phong','female','Le Phuong','12443065','ks023'),
('nv759','Phuc vu phong','female','Huong Phat','19216511','ks024'),
('nv760','Quan ly','female','Bui Nam','14345841','ks025'),
('nv761','Le tan','male','Tran Thu','13853053','ks026'),
('nv762','Le tan','female','Bui Phu','18344193','ks027'),
('nv763','Phuc vu phong','male','Huong Cam','15915813','ks028'),
('nv764','Phuc vu phong','female','Le Hoai','16765476','ks029'),
('nv765','Quan ly','female','Dang Thao','12729306','ks030'),
('nv766','Le tan','male','Le Tuyet','16778747','ks031'),
('nv767','Le tan','male','Dang Duong','17751878','ks032'),
('nv768','Phuc vu phong','male','Do Loan','12595912','ks033'),
('nv769','Phuc vu phong','male','Nguyen Cam','12388626','ks034'),
('nv770','Quan ly','male','Vo Tam','12715520','ks035'),
('nv771','Le tan','female','Le Lam','17843451','ks036'),
('nv772','Le tan','male','Dang Lam','11436309','ks037'),
('nv773','Phuc vu phong','female','Nguyen Cuong','18007981','ks038'),
('nv774','Phuc vu phong','female','Dang Cam','13149766','ks039'),
('nv775','Quan ly','male','Pham Diep','18487356','ks040'),
('nv776','Le tan','male','Vo Mai','15517742','ks041'),
('nv777','Le tan','female','Huong Khoa','14160815','ks042'),
('nv778','Phuc vu phong','male','Huong Khanh','13891670','ks043'),
('nv779','Phuc vu phong','female','Le Canh','10784748','ks044'),
('nv780','Quan ly','female','Ho Hung','13188924','ks045'),
('nv781','Le tan','male','Le Phu','12445542','ks046'),
('nv782','Le tan','female','Vo Phu','17289214','ks047'),
('nv783','Phuc vu phong','female','Tran Canh','16823615','ks048'),
('nv784','Phuc vu phong','male','Le Ha','17261009','ks049'),
('nv785','Quan ly','female','Nguyen Tung','14120823','ks001'),
('nv786','Le tan','female','Ho Khanh','12068750','ks002'),
('nv787','Le tan','female','Pham Quang','10754740','ks003'),
('nv788','Phuc vu phong','female','Nguyen Phuong','11977239','ks004'),
('nv789','Phuc vu phong','female','Bui My','15328070','ks005'),
('nv790','Quan ly','male','Do My','13010821','ks006'),
('nv791','Le tan','female','Huong Thuy','12835305','ks007'),
('nv792','Le tan','male','Dang Hoa','16647616','ks008'),
('nv793','Phuc vu phong','female','Tran Minh','18126147','ks009'),
('nv794','Phuc vu phong','male','Nguyen Anh','10830447','ks010'),
('nv795','Quan ly','female','Ho Danh','10735449','ks011'),
('nv796','Le tan','female','Huong Phong','19514711','ks012'),
('nv797','Le tan','male','Do Quynh','14443927','ks013'),
('nv798','Phuc vu phong','female','Le Hoai','19969905','ks014'),
('nv799','Phuc vu phong','female','Nguyen Phuc','15843953','ks015'),
('nv800','Quan ly','male','Bui Tan','15231932','ks016'),
('nv801','Le tan','male','Ho Anh','17808019','ks017'),
('nv802','Le tan','female','Pham Phuc','18895567','ks018'),
('nv803','Phuc vu phong','male','Ho Quan','12653365','ks019'),
('nv804','Phuc vu phong','female','Huong Kieu','15068442','ks020'),
('nv805','Quan ly','male','Vo Dung','10293084','ks021'),
('nv806','Le tan','male','Do Tung','18864514','ks022'),
('nv807','Le tan','female','Pham Hieu','12032903','ks023'),
('nv808','Phuc vu phong','male','Dang Thang','10761189','ks024'),
('nv809','Phuc vu phong','male','Vo Hong','17347816','ks025'),
('nv810','Quan ly','female','Pham Lien','15237093','ks026'),
('nv811','Le tan','female','Bui Hieu','18226463','ks027'),
('nv812','Le tan','male','Do Anh','13437836','ks028'),
('nv813','Phuc vu phong','female','Huong Canh','13266423','ks029'),
('nv814','Phuc vu phong','female','Do Dai','12214910','ks030'),
('nv815','Quan ly','female','Le Danh','15579633','ks031'),
('nv816','Le tan','male','Nguyen Quang','11981918','ks032'),
('nv817','Le tan','male','Do Phuc','11251268','ks033'),
('nv818','Phuc vu phong','male','Nguyen Trang','12771757','ks034'),
('nv819','Phuc vu phong','female','Bui Nga','14800255','ks035'),
('nv820','Quan ly','male','Bui Linh','18104672','ks036'),
('nv821','Le tan','male','Dang Bao','17385875','ks037'),
('nv822','Le tan','male','Bui Tuyet','11669404','ks038'),
('nv823','Phuc vu phong','female','Pham Hien','17737987','ks039'),
('nv824','Phuc vu phong','male','Le Thuy','15022406','ks040'),
('nv825','Quan ly','male','Huong Thao','17642465','ks041'),
('nv826','Le tan','male','Dang Quoc','15063306','ks042'),
('nv827','Le tan','male','Le Hai','13466464','ks043'),
('nv828','Phuc vu phong','female','Ho Quan','18374912','ks044'),
('nv829','Phuc vu phong','female','Nguyen Kieu','12639602','ks045'),
('nv830','Quan ly','male','Nguyen Bao','15766002','ks046'),
('nv831','Le tan','male','Do Bao','17094772','ks047'),
('nv832','Le tan','female','Bui Quynh','17370478','ks048'),
('nv833','Phuc vu phong','male','Vo Nhan','13420888','ks049'),
('nv834','Phuc vu phong','female','Bui Quan','13515376','ks001'),
('nv835','Quan ly','female','Pham Huong','19479197','ks002'),
('nv836','Le tan','male','Le Phuong','15748587','ks003'),
('nv837','Le tan','male','Dang Phong','10908797','ks004'),
('nv838','Phuc vu phong','female','Do Hai','12921741','ks005'),
('nv839','Phuc vu phong','male','Vo Tuyet','16642453','ks006'),
('nv840','Quan ly','female','Tran Nam','15143999','ks007'),
('nv841','Le tan','male','Do Binh','11061329','ks008'),
('nv842','Le tan','male','Ho Huong','19059326','ks009'),
('nv843','Phuc vu phong','male','Pham Kieu','10323368','ks010'),
('nv844','Phuc vu phong','female','Bui Thuy','12854820','ks011'),
('nv845','Quan ly','female','Le Khoa','17503732','ks012'),
('nv846','Le tan','female','Nguyen Phat','12308015','ks013'),
('nv847','Le tan','female','Pham Mai','14376976','ks014'),
('nv848','Phuc vu phong','male','Le Cuong','19708755','ks015'),
('nv849','Phuc vu phong','female','Bui Hien','19295161','ks016'),
('nv850','Quan ly','male','Dang Linh','16579451','ks017'),
('nv851','Le tan','male','Nguyen Kieu','12942046','ks018'),
('nv852','Le tan','male','Huong Dung','18403874','ks019'),
('nv853','Phuc vu phong','male','Vo Phong','14945603','ks020'),
('nv854','Phuc vu phong','male','Huong Quynh','12318367','ks021'),
('nv855','Quan ly','male','Dang Bao','15316638','ks022'),
('nv856','Le tan','female','Pham Hanh','15152231','ks023'),
('nv857','Le tan','male','Le Phuc','19666803','ks024'),
('nv858','Phuc vu phong','male','Tran Lien','15166257','ks025'),
('nv859','Phuc vu phong','male','Tran Diep','13452682','ks026'),
('nv860','Quan ly','male','Bui Tan','15180559','ks027'),
('nv861','Le tan','female','Ho Tam','11211868','ks028'),
('nv862','Le tan','male','Bui Cuong','13726257','ks029'),
('nv863','Phuc vu phong','female','Pham Luong','11695969','ks030'),
('nv864','Phuc vu phong','female','Bui Mai','14690612','ks031'),
('nv865','Quan ly','female','Pham Anh','16430209','ks032'),
('nv866','Le tan','female','Huong Hai','15081453','ks033'),
('nv867','Le tan','female','Ho Hung','16740929','ks034'),
('nv868','Phuc vu phong','male','Dang Nhan','15905757','ks035'),
('nv869','Phuc vu phong','male','Do Quynh','14457640','ks036'),
('nv870','Quan ly','female','Dang Giang','19763466','ks037'),
('nv871','Le tan','female','Vo Hong','16150051','ks038'),
('nv872','Le tan','female','Do Khanh','13219303','ks039'),
('nv873','Phuc vu phong','female','Bui Diep','13754547','ks040'),
('nv874','Phuc vu phong','male','Tran Nam','16943888','ks041'),
('nv875','Quan ly','female','Vo Tam','17844153','ks042'),
('nv876','Le tan','female','Dang Binh','16858400','ks043'),
('nv877','Le tan','male','Ho Hoa','19131017','ks044'),
('nv878','Phuc vu phong','male','Vo Phuong','16044973','ks045'),
('nv879','Phuc vu phong','female','Do Bao','14331001','ks046'),
('nv880','Quan ly','male','Vo Duc','10732147','ks047'),
('nv881','Le tan','male','Bui Thu','11269198','ks048'),
('nv882','Le tan','male','Nguyen Thao','19233599','ks049'),
('nv883','Phuc vu phong','female','Dang Huong','18204421','ks001'),
('nv884','Phuc vu phong','male','Vo Danh','10108980','ks002'),
('nv885','Quan ly','male','Nguyen Bao','10817446','ks003'),
('nv886','Le tan','male','Bui Lan','17296188','ks004'),
('nv887','Le tan','male','Do Quang','18680373','ks005'),
('nv888','Phuc vu phong','male','Ho Huy','17623105','ks006'),
('nv889','Phuc vu phong','male','Do Dung','10517049','ks007'),
('nv890','Quan ly','male','Do Kieu','18818748','ks008'),
('nv891','Le tan','female','Bui Canh','12814614','ks009'),
('nv892','Le tan','male','Dang Mai','17083380','ks010'),
('nv893','Phuc vu phong','female','Dang My','19402745','ks011'),
('nv894','Phuc vu phong','male','Ho Khanh','15240694','ks012'),
('nv895','Quan ly','male','Nguyen Danh','13720112','ks013'),
('nv896','Le tan','female','Le Long','18232533','ks014'),
('nv897','Le tan','female','Ho Nhan','19272402','ks015'),
('nv898','Phuc vu phong','female','Dang Trang','12562619','ks016'),
('nv899','Phuc vu phong','female','Huong Diep','10465399','ks017'),
('nv900','Quan ly','male','Tran Diep','13778301','ks018'),
('nv901','Le tan','male','Ho Khanh','12893454','ks019'),
('nv902','Le tan','female','Nguyen Loan','13850337','ks020'),
('nv903','Phuc vu phong','female','Le Ha','11524460','ks021'),
('nv904','Phuc vu phong','male','Ho Dai','10727869','ks022'),
('nv905','Quan ly','female','Tran Hieu','13786336','ks023'),
('nv906','Le tan','male','Tran Tam','16861367','ks024'),
('nv907','Le tan','female','Huong Khanh','10868065','ks025'),
('nv908','Phuc vu phong','female','Nguyen Loan','16172635','ks026'),
('nv909','Phuc vu phong','female','Dang Lien','16773235','ks027'),
('nv910','Quan ly','male','Vo Thao','14306656','ks028'),
('nv911','Le tan','male','Bui Thuy','13238910','ks029'),
('nv912','Le tan','male','Le Thao','11226439','ks030'),
('nv913','Phuc vu phong','male','Huong Trang','19702137','ks031'),
('nv914','Phuc vu phong','female','Vo Anh','14099225','ks032'),
('nv915','Quan ly','male','Ho Phong','14644494','ks033'),
('nv916','Le tan','female','Bui Khanh','11346906','ks034'),
('nv917','Le tan','female','Ho Tan','16871793','ks035'),
('nv918','Phuc vu phong','female','Le Khoa','15841131','ks036'),
('nv919','Phuc vu phong','male','Huong Dung','19405030','ks037'),
('nv920','Quan ly','female','Le Binh','12078555','ks038'),
('nv921','Le tan','female','Tran Hong','19204277','ks039'),
('nv922','Le tan','male','Vo Duong','14583165','ks040'),
('nv923','Phuc vu phong','male','Tran Tung','11416660','ks041'),
('nv924','Phuc vu phong','male','Bui Yen','10115662','ks042'),
('nv925','Quan ly','female','Vo Tam','18282307','ks043'),
('nv926','Le tan','female','Ho Duong','19147364','ks044'),
('nv927','Le tan','female','Do Anh','10570241','ks045'),
('nv928','Phuc vu phong','male','Dang Hong','16854746','ks046'),
('nv929','Phuc vu phong','female','Nguyen Binh','10033471','ks047'),
('nv930','Quan ly','female','Le Quoc','18255024','ks048'),
('nv931','Le tan','male','Bui Hai','14161316','ks049'),
('nv932','Le tan','female','Vo Binh','11900325','ks001'),
('nv933','Phuc vu phong','female','Le Hoai','19692767','ks002'),
('nv934','Phuc vu phong','female','Ho Bao','14431417','ks003'),
('nv935','Quan ly','female','Nguyen Dai','18319851','ks004'),
('nv936','Le tan','male','Tran Tam','10201031','ks005'),
('nv937','Le tan','female','Huong Hung','15964734','ks006'),
('nv938','Phuc vu phong','male','Le Quan','19229983','ks007'),
('nv939','Phuc vu phong','female','Pham Linh','13376740','ks008'),
('nv940','Quan ly','female','Huong Dai','11011390','ks009'),
('nv941','Le tan','female','Nguyen Thien','19020966','ks010'),
('nv942','Le tan','female','Pham Quoc','16521255','ks011'),
('nv943','Phuc vu phong','male','Dang Khanh','11248410','ks012'),
('nv944','Phuc vu phong','female','Bui Ha','17266387','ks013'),
('nv945','Quan ly','female','Nguyen Nhan','18100734','ks014'),
('nv946','Le tan','male','Nguyen Hanh','15766850','ks015'),
('nv947','Le tan','female','Do Loan','15636304','ks016'),
('nv948','Phuc vu phong','male','Ho Phuong','18290860','ks017'),
('nv949','Phuc vu phong','female','Vo Thu','10052074','ks018'),
('nv950','Quan ly','female','Tran Hong','14184022','ks019'),
('nv951','Le tan','female','Vo Thang','13423471','ks020'),
('nv952','Le tan','female','Bui Canh','15048206','ks021'),
('nv953','Phuc vu phong','female','Nguyen Hong','19391397','ks022'),
('nv954','Phuc vu phong','male','Vo Thuy','17012155','ks023'),
('nv955','Quan ly','male','Nguyen Quan','10274524','ks024'),
('nv956','Le tan','male','Pham Kieu','13849915','ks025'),
('nv957','Le tan','male','Dang Dai','14266446','ks026'),
('nv958','Phuc vu phong','female','Ho Hieu','17237596','ks027'),
('nv959','Phuc vu phong','female','Le Lam','17737545','ks028'),
('nv960','Quan ly','male','Pham Hoai','12998879','ks029'),
('nv961','Le tan','female','Do Hoa','14586924','ks030'),
('nv962','Le tan','male','Huong Khoa','18932252','ks031'),
('nv963','Phuc vu phong','female','Vo Duong','12201926','ks032'),
('nv964','Phuc vu phong','female','Huong Son','19028042','ks033'),
('nv965','Quan ly','female','Pham Diep','19061406','ks034'),
('nv966','Le tan','female','Le Tuyet','11094944','ks035'),
('nv967','Le tan','male','Le Nga','10539363','ks036'),
('nv968','Phuc vu phong','female','Huong Huong','15911289','ks037'),
('nv969','Phuc vu phong','female','Do Phuc','19722347','ks038'),
('nv970','Quan ly','female','Le Tam','12091147','ks039'),
('nv971','Le tan','female','Huong Tuyet','12342203','ks040'),
('nv972','Le tan','female','Bui Khanh','18511908','ks041'),
('nv973','Phuc vu phong','male','Vo Thuy','11142061','ks042'),
('nv974','Phuc vu phong','male','Le Luong','10607895','ks043'),
('nv975','Quan ly','male','Ho Danh','18203087','ks044'),
('nv976','Le tan','female','Vo Tung','17072473','ks045'),
('nv977','Le tan','male','Bui Thao','19973038','ks046'),
('nv978','Phuc vu phong','male','Pham Phat','11061397','ks047'),
('nv979','Phuc vu phong','male','Bui Quynh','16210822','ks048'),
('nv980','Quan ly','male','Nguyen Phu','13795194','ks049'),
('nv981','Le tan','male','Nguyen Quang','19389487','ks001'),
('nv982','Le tan','female','Ho Huy','13845088','ks002'),
('nv983','Phuc vu phong','female','Le Thien','15934254','ks003'),
('nv984','Phuc vu phong','male','Nguyen Quang','18117063','ks004'),
('nv985','Quan ly','female','Do Khoa','12090057','ks005'),
('nv986','Le tan','female','Tran Phuong','17672307','ks006'),
('nv987','Le tan','female','Vo Nga','18408211','ks007'),
('nv988','Phuc vu phong','male','Vo Giang','17952849','ks008'),
('nv989','Phuc vu phong','male','Huong Cam','18056674','ks009'),
('nv990','Quan ly','female','Ho Duc','12499922','ks010'),
('nv991','Le tan','male','Tran Nam','16548143','ks011'),
('nv992','Le tan','female','Vo Tung','15877746','ks012'),
('nv993','Phuc vu phong','male','Ho Bao','11345846','ks013'),
('nv994','Phuc vu phong','male','Ho Yen','12785417','ks014'),
('nv995','Quan ly','female','Dang Hai','11858781','ks015'),
('nv996','Le tan','female','Do Anh','19408412','ks016'),
('nv997','Le tan','male','Dang Thao','13157895','ks017'),
('nv998','Phuc vu phong','male','Le Nga','19460766','ks018'),
('nv999','Phuc vu phong','male','Le Phuc','17457623','ks019')
use quan_ly_khach_san
go
insert into Nhan_vien_quan_ly(ID_Nhan_vien,Quyen_han) values
('nv005','Quan ly dich vu khach hang'),
('nv010','Quan ly dich vu khach hang'),
('nv015','Quan ly tai chinh'),
('nv020','Quan ly nhan su'),
('nv025','Quan ly tai chinh'),
('nv030','Quan ly tai chinh'),
('nv035','Quan ly dich vu khach hang'),
('nv040','Quan ly khach san'),
('nv045','Quan ly khach san'),
('nv050','Quan ly khach san'),
('nv055','Quan ly nhan su'),
('nv060','Quan ly nhan su'),
('nv065','Quan ly khach san'),
('nv070','Quan ly tai chinh'),
('nv075','Quan ly dich vu khach hang'),
('nv080','Quan ly dich vu khach hang'),
('nv085','Quan ly tai chinh'),
('nv090','Quan ly nhan su'),
('nv095','Quan ly nhan su'),
('nv100','Quan ly khach san'),
('nv105','Quan ly nhan su'),
('nv110','Quan ly nhan su'),
('nv115','Quan ly dich vu khach hang'),
('nv120','Quan ly nhan su'),
('nv125','Quan ly tai chinh'),
('nv130','Quan ly dich vu khach hang'),
('nv135','Quan ly khach san'),
('nv140','Quan ly dich vu khach hang'),
('nv145','Quan ly tai chinh'),
('nv150','Quan ly dich vu khach hang'),
('nv155','Quan ly khach san'),
('nv160','Quan ly nhan su'),
('nv165','Quan ly khach san'),
('nv170','Quan ly tai chinh'),
('nv175','Quan ly dich vu khach hang'),
('nv180','Quan ly khach san'),
('nv185','Quan ly nhan su'),
('nv190','Quan ly khach san'),
('nv195','Quan ly nhan su'),
('nv200','Quan ly dich vu khach hang'),
('nv205','Quan ly khach san'),
('nv210','Quan ly tai chinh'),
('nv215','Quan ly khach san'),
('nv220','Quan ly dich vu khach hang'),
('nv225','Quan ly tai chinh'),
('nv230','Quan ly tai chinh'),
('nv235','Quan ly nhan su'),
('nv240','Quan ly tai chinh'),
('nv245','Quan ly dich vu khach hang'),
('nv250','Quan ly tai chinh'),
('nv255','Quan ly nhan su'),
('nv260','Quan ly dich vu khach hang'),
('nv265','Quan ly tai chinh'),
('nv270','Quan ly tai chinh'),
('nv275','Quan ly nhan su'),
('nv280','Quan ly dich vu khach hang'),
('nv285','Quan ly dich vu khach hang'),
('nv290','Quan ly khach san'),
('nv295','Quan ly tai chinh'),
('nv300','Quan ly dich vu khach hang'),
('nv305','Quan ly dich vu khach hang'),
('nv310','Quan ly nhan su'),
('nv315','Quan ly khach san'),
('nv320','Quan ly tai chinh'),
('nv325','Quan ly dich vu khach hang'),
('nv330','Quan ly tai chinh'),
('nv335','Quan ly tai chinh'),
('nv340','Quan ly nhan su'),
('nv345','Quan ly tai chinh'),
('nv350','Quan ly khach san'),
('nv355','Quan ly tai chinh'),
('nv360','Quan ly dich vu khach hang'),
('nv365','Quan ly dich vu khach hang'),
('nv370','Quan ly khach san'),
('nv375','Quan ly dich vu khach hang'),
('nv380','Quan ly khach san'),
('nv385','Quan ly khach san'),
('nv390','Quan ly nhan su'),
('nv395','Quan ly tai chinh'),
('nv400','Quan ly dich vu khach hang'),
('nv405','Quan ly dich vu khach hang'),
('nv410','Quan ly nhan su'),
('nv415','Quan ly khach san'),
('nv420','Quan ly nhan su'),
('nv425','Quan ly tai chinh'),
('nv430','Quan ly dich vu khach hang'),
('nv435','Quan ly tai chinh'),
('nv440','Quan ly tai chinh'),
('nv445','Quan ly nhan su'),
('nv450','Quan ly khach san'),
('nv455','Quan ly dich vu khach hang'),
('nv460','Quan ly nhan su'),
('nv465','Quan ly nhan su'),
('nv470','Quan ly dich vu khach hang'),
('nv475','Quan ly tai chinh'),
('nv480','Quan ly tai chinh'),
('nv485','Quan ly tai chinh'),
('nv490','Quan ly nhan su'),
('nv495','Quan ly dich vu khach hang'),
('nv500','Quan ly dich vu khach hang'),
('nv505','Quan ly dich vu khach hang'),
('nv510','Quan ly khach san'),
('nv515','Quan ly dich vu khach hang'),
('nv520','Quan ly khach san'),
('nv525','Quan ly nhan su'),
('nv530','Quan ly nhan su'),
('nv535','Quan ly tai chinh'),
('nv540','Quan ly khach san'),
('nv545','Quan ly nhan su'),
('nv550','Quan ly tai chinh'),
('nv555','Quan ly khach san'),
('nv560','Quan ly tai chinh'),
('nv565','Quan ly nhan su'),
('nv570','Quan ly khach san'),
('nv575','Quan ly nhan su'),
('nv580','Quan ly khach san'),
('nv585','Quan ly nhan su'),
('nv590','Quan ly khach san'),
('nv595','Quan ly khach san'),
('nv600','Quan ly tai chinh'),
('nv605','Quan ly tai chinh'),
('nv610','Quan ly dich vu khach hang'),
('nv615','Quan ly khach san'),
('nv620','Quan ly dich vu khach hang'),
('nv625','Quan ly dich vu khach hang'),
('nv630','Quan ly dich vu khach hang'),
('nv635','Quan ly khach san'),
('nv640','Quan ly khach san'),
('nv645','Quan ly nhan su'),
('nv650','Quan ly khach san'),
('nv655','Quan ly dich vu khach hang'),
('nv660','Quan ly nhan su'),
('nv665','Quan ly dich vu khach hang'),
('nv670','Quan ly dich vu khach hang'),
('nv675','Quan ly khach san'),
('nv680','Quan ly tai chinh'),
('nv685','Quan ly tai chinh'),
('nv690','Quan ly dich vu khach hang'),
('nv695','Quan ly khach san'),
('nv700','Quan ly khach san'),
('nv705','Quan ly tai chinh'),
('nv710','Quan ly nhan su'),
('nv715','Quan ly dich vu khach hang'),
('nv720','Quan ly nhan su'),
('nv725','Quan ly dich vu khach hang'),
('nv730','Quan ly nhan su'),
('nv735','Quan ly nhan su'),
('nv740','Quan ly dich vu khach hang'),
('nv745','Quan ly nhan su'),
('nv750','Quan ly khach san'),
('nv755','Quan ly nhan su'),
('nv760','Quan ly nhan su'),
('nv765','Quan ly khach san'),
('nv770','Quan ly khach san'),
('nv775','Quan ly dich vu khach hang'),
('nv780','Quan ly nhan su'),
('nv785','Quan ly khach san'),
('nv790','Quan ly khach san'),
('nv795','Quan ly nhan su'),
('nv800','Quan ly nhan su'),
('nv805','Quan ly dich vu khach hang'),
('nv810','Quan ly nhan su'),
('nv815','Quan ly dich vu khach hang'),
('nv820','Quan ly tai chinh'),
('nv825','Quan ly nhan su'),
('nv830','Quan ly khach san'),
('nv835','Quan ly khach san'),
('nv840','Quan ly dich vu khach hang'),
('nv845','Quan ly tai chinh'),
('nv850','Quan ly nhan su'),
('nv855','Quan ly tai chinh'),
('nv860','Quan ly tai chinh'),
('nv865','Quan ly dich vu khach hang'),
('nv870','Quan ly tai chinh'),
('nv875','Quan ly nhan su'),
('nv880','Quan ly khach san'),
('nv885','Quan ly khach san'),
('nv890','Quan ly tai chinh'),
('nv895','Quan ly khach san'),
('nv900','Quan ly nhan su'),
('nv905','Quan ly dich vu khach hang'),
('nv910','Quan ly khach san'),
('nv915','Quan ly tai chinh'),
('nv920','Quan ly khach san'),
('nv925','Quan ly nhan su'),
('nv930','Quan ly tai chinh'),
('nv935','Quan ly tai chinh'),
('nv940','Quan ly dich vu khach hang'),
('nv945','Quan ly khach san'),
('nv950','Quan ly nhan su'),
('nv955','Quan ly nhan su'),
('nv960','Quan ly khach san'),
('nv965','Quan ly nhan su'),
('nv970','Quan ly nhan su'),
('nv975','Quan ly tai chinh'),
('nv980','Quan ly khach san'),
('nv985','Quan ly dich vu khach hang'),
('nv990','Quan ly khach san'),
('nv995','Quan ly khach san')
use quan_ly_khach_san
go
insert into Le_tan(ID_Nhan_vien,Gio_truc) values
('nv001','Toi'),
('nv002','Sang'),
('nv006','Sang'),
('nv007','Toi'),
('nv011','Toi'),
('nv012','Toi'),
('nv016','Sang'),
('nv017','Toi'),
('nv021','Sang'),
('nv022','Sang'),
('nv026','Sang'),
('nv027','Chieu'),
('nv031','Sang'),
('nv032','Toi'),
('nv036','Toi'),
('nv037','Toi'),
('nv041','Chieu'),
('nv042','Sang'),
('nv046','Chieu'),
('nv047','Toi'),
('nv051','Sang'),
('nv052','Chieu'),
('nv056','Sang'),
('nv057','Sang'),
('nv061','Chieu'),
('nv062','Toi'),
('nv066','Sang'),
('nv067','Chieu'),
('nv071','Sang'),
('nv072','Chieu'),
('nv076','Sang'),
('nv077','Toi'),
('nv081','Toi'),
('nv082','Chieu'),
('nv086','Toi'),
('nv087','Chieu'),
('nv091','Chieu'),
('nv092','Chieu'),
('nv096','Chieu'),
('nv097','Chieu'),
('nv101','Toi'),
('nv102','Sang'),
('nv106','Sang'),
('nv107','Sang'),
('nv111','Toi'),
('nv112','Chieu'),
('nv116','Sang'),
('nv117','Toi'),
('nv121','Toi'),
('nv122','Toi'),
('nv126','Toi'),
('nv127','Sang'),
('nv131','Chieu'),
('nv132','Sang'),
('nv136','Chieu'),
('nv137','Sang'),
('nv141','Toi'),
('nv142','Chieu'),
('nv146','Sang'),
('nv147','Chieu'),
('nv151','Sang'),
('nv152','Chieu'),
('nv156','Chieu'),
('nv157','Toi'),
('nv161','Chieu'),
('nv162','Toi'),
('nv166','Chieu'),
('nv167','Sang'),
('nv171','Toi'),
('nv172','Chieu'),
('nv176','Chieu'),
('nv177','Sang'),
('nv181','Toi'),
('nv182','Sang'),
('nv186','Chieu'),
('nv187','Chieu'),
('nv191','Sang'),
('nv192','Chieu'),
('nv196','Toi'),
('nv197','Sang'),
('nv201','Chieu'),
('nv202','Toi'),
('nv206','Toi'),
('nv207','Chieu'),
('nv211','Toi'),
('nv212','Toi'),
('nv216','Sang'),
('nv217','Chieu'),
('nv221','Toi'),
('nv222','Toi'),
('nv226','Toi'),
('nv227','Sang'),
('nv231','Toi'),
('nv232','Toi'),
('nv236','Sang'),
('nv237','Sang'),
('nv241','Sang'),
('nv242','Chieu'),
('nv246','Sang'),
('nv247','Toi'),
('nv251','Chieu'),
('nv252','Chieu'),
('nv256','Sang'),
('nv257','Sang'),
('nv261','Toi'),
('nv262','Chieu'),
('nv266','Sang'),
('nv267','Chieu'),
('nv271','Toi'),
('nv272','Sang'),
('nv276','Sang'),
('nv277','Toi'),
('nv281','Chieu'),
('nv282','Toi'),
('nv286','Toi'),
('nv287','Sang'),
('nv291','Toi'),
('nv292','Toi'),
('nv296','Chieu'),
('nv297','Sang'),
('nv301','Toi'),
('nv302','Sang'),
('nv306','Chieu'),
('nv307','Sang'),
('nv311','Toi'),
('nv312','Sang'),
('nv316','Sang'),
('nv317','Sang'),
('nv321','Toi'),
('nv322','Sang'),
('nv326','Chieu'),
('nv327','Toi'),
('nv331','Toi'),
('nv332','Chieu'),
('nv336','Chieu'),
('nv337','Chieu'),
('nv341','Sang'),
('nv342','Sang'),
('nv346','Chieu'),
('nv347','Toi'),
('nv351','Sang'),
('nv352','Chieu'),
('nv356','Chieu'),
('nv357','Sang'),
('nv361','Chieu'),
('nv362','Sang'),
('nv366','Toi'),
('nv367','Chieu'),
('nv371','Sang'),
('nv372','Toi'),
('nv376','Toi'),
('nv377','Toi'),
('nv381','Toi'),
('nv382','Toi'),
('nv386','Chieu'),
('nv387','Toi'),
('nv391','Chieu'),
('nv392','Toi'),
('nv396','Sang'),
('nv397','Toi'),
('nv401','Toi'),
('nv402','Sang'),
('nv406','Sang'),
('nv407','Chieu'),
('nv411','Sang'),
('nv412','Chieu'),
('nv416','Sang'),
('nv417','Chieu'),
('nv421','Toi'),
('nv422','Toi'),
('nv426','Toi'),
('nv427','Toi'),
('nv431','Sang'),
('nv432','Sang'),
('nv436','Chieu'),
('nv437','Sang'),
('nv441','Chieu'),
('nv442','Sang'),
('nv446','Toi'),
('nv447','Sang'),
('nv451','Sang'),
('nv452','Toi'),
('nv456','Chieu'),
('nv457','Toi'),
('nv461','Chieu'),
('nv462','Toi'),
('nv466','Toi'),
('nv467','Chieu'),
('nv471','Sang'),
('nv472','Sang'),
('nv476','Sang'),
('nv477','Toi'),
('nv481','Toi'),
('nv482','Chieu'),
('nv486','Chieu'),
('nv487','Chieu'),
('nv491','Chieu'),
('nv492','Chieu'),
('nv496','Chieu'),
('nv497','Toi'),
('nv501','Sang'),
('nv502','Sang'),
('nv506','Toi'),
('nv507','Sang'),
('nv511','Chieu'),
('nv512','Chieu'),
('nv516','Chieu'),
('nv517','Chieu'),
('nv521','Sang'),
('nv522','Chieu'),
('nv526','Chieu'),
('nv527','Sang'),
('nv531','Sang'),
('nv532','Chieu'),
('nv536','Toi'),
('nv537','Toi'),
('nv541','Chieu'),
('nv542','Chieu'),
('nv546','Chieu'),
('nv547','Chieu'),
('nv551','Sang'),
('nv552','Sang'),
('nv556','Toi'),
('nv557','Chieu'),
('nv561','Sang'),
('nv562','Chieu'),
('nv566','Chieu'),
('nv567','Sang'),
('nv571','Chieu'),
('nv572','Sang'),
('nv576','Sang'),
('nv577','Sang'),
('nv581','Sang'),
('nv582','Toi'),
('nv586','Chieu'),
('nv587','Sang'),
('nv591','Sang'),
('nv592','Chieu'),
('nv596','Sang'),
('nv597','Sang'),
('nv601','Chieu'),
('nv602','Toi'),
('nv606','Chieu'),
('nv607','Chieu'),
('nv611','Chieu'),
('nv612','Chieu'),
('nv616','Toi'),
('nv617','Chieu'),
('nv621','Toi'),
('nv622','Chieu'),
('nv626','Toi'),
('nv627','Toi'),
('nv631','Chieu'),
('nv632','Toi'),
('nv636','Sang'),
('nv637','Chieu'),
('nv641','Sang'),
('nv642','Sang'),
('nv646','Toi'),
('nv647','Chieu'),
('nv651','Toi'),
('nv652','Chieu'),
('nv656','Chieu'),
('nv657','Sang'),
('nv661','Sang'),
('nv662','Toi'),
('nv666','Toi'),
('nv667','Chieu'),
('nv671','Chieu'),
('nv672','Sang'),
('nv676','Toi'),
('nv677','Chieu'),
('nv681','Chieu'),
('nv682','Chieu'),
('nv686','Toi'),
('nv687','Toi'),
('nv691','Toi'),
('nv692','Chieu'),
('nv696','Chieu'),
('nv697','Sang'),
('nv701','Sang'),
('nv702','Sang'),
('nv706','Chieu'),
('nv707','Chieu'),
('nv711','Sang'),
('nv712','Sang'),
('nv716','Chieu'),
('nv717','Toi'),
('nv721','Chieu'),
('nv722','Toi'),
('nv726','Sang'),
('nv727','Chieu'),
('nv731','Toi'),
('nv732','Sang'),
('nv736','Toi'),
('nv737','Chieu'),
('nv741','Toi'),
('nv742','Chieu'),
('nv746','Sang'),
('nv747','Chieu'),
('nv751','Chieu'),
('nv752','Chieu'),
('nv756','Chieu'),
('nv757','Toi'),
('nv761','Sang'),
('nv762','Toi'),
('nv766','Sang'),
('nv767','Chieu'),
('nv771','Toi'),
('nv772','Toi'),
('nv776','Sang'),
('nv777','Sang'),
('nv781','Sang'),
('nv782','Chieu'),
('nv786','Sang'),
('nv787','Toi'),
('nv791','Chieu'),
('nv792','Toi'),
('nv796','Sang'),
('nv797','Toi'),
('nv801','Chieu'),
('nv802','Toi'),
('nv806','Toi'),
('nv807','Chieu'),
('nv811','Sang'),
('nv812','Toi'),
('nv816','Toi'),
('nv817','Toi'),
('nv821','Chieu'),
('nv822','Sang'),
('nv826','Sang'),
('nv827','Toi'),
('nv831','Toi'),
('nv832','Toi'),
('nv836','Toi'),
('nv837','Toi'),
('nv841','Chieu'),
('nv842','Chieu'),
('nv846','Chieu'),
('nv847','Chieu'),
('nv851','Sang'),
('nv852','Chieu'),
('nv856','Chieu'),
('nv857','Sang'),
('nv861','Toi'),
('nv862','Sang'),
('nv866','Chieu'),
('nv867','Toi'),
('nv871','Chieu'),
('nv872','Toi'),
('nv876','Sang'),
('nv877','Toi'),
('nv881','Toi'),
('nv882','Chieu'),
('nv886','Chieu'),
('nv887','Chieu'),
('nv891','Toi'),
('nv892','Chieu'),
('nv896','Sang'),
('nv897','Chieu'),
('nv901','Sang'),
('nv902','Toi'),
('nv906','Toi'),
('nv907','Chieu'),
('nv911','Sang'),
('nv912','Sang'),
('nv916','Toi'),
('nv917','Sang'),
('nv921','Chieu'),
('nv922','Sang'),
('nv926','Sang'),
('nv927','Sang'),
('nv931','Toi'),
('nv932','Toi'),
('nv936','Toi'),
('nv937','Sang'),
('nv941','Sang'),
('nv942','Chieu'),
('nv946','Toi'),
('nv947','Sang'),
('nv951','Toi'),
('nv952','Chieu'),
('nv956','Sang'),
('nv957','Sang'),
('nv961','Sang'),
('nv962','Chieu'),
('nv966','Chieu'),
('nv967','Toi'),
('nv971','Chieu'),
('nv972','Toi'),
('nv976','Toi'),
('nv977','Toi'),
('nv981','Chieu'),
('nv982','Chieu'),
('nv986','Sang'),
('nv987','Toi'),
('nv991','Sang'),
('nv992','Chieu'),
('nv996','Chieu'),
('nv997','Toi')
use quan_ly_khach_san
go
insert into Phuc_vu_phong(ID_Nhan_vien,SL_Phong_da_don) values
('nv003','3'),
('nv004','10'),
('nv008','6'),
('nv009','2'),
('nv013','1'),
('nv014','9'),
('nv018','4'),
('nv019','1'),
('nv023','5'),
('nv024','9'),
('nv028','5'),
('nv029','1'),
('nv033','9'),
('nv034','9'),
('nv038','3'),
('nv039','4'),
('nv043','6'),
('nv044','1'),
('nv048','4'),
('nv049','5'),
('nv053','2'),
('nv054','1'),
('nv058','6'),
('nv059','6'),
('nv063','1'),
('nv064','1'),
('nv068','6'),
('nv069','7'),
('nv073','3'),
('nv074','4'),
('nv078','5'),
('nv079','5'),
('nv083','2'),
('nv084','1'),
('nv088','3'),
('nv089','10'),
('nv093','1'),
('nv094','5'),
('nv098','1'),
('nv099','1'),
('nv103','3'),
('nv104','8'),
('nv108','10'),
('nv109','2'),
('nv113','5'),
('nv114','8'),
('nv118','5'),
('nv119','9'),
('nv123','1'),
('nv124','7'),
('nv128','10'),
('nv129','4'),
('nv133','9'),
('nv134','7'),
('nv138','3'),
('nv139','1'),
('nv143','5'),
('nv144','5'),
('nv148','6'),
('nv149','10'),
('nv153','5'),
('nv154','10'),
('nv158','9'),
('nv159','4'),
('nv163','4'),
('nv164','10'),
('nv168','1'),
('nv169','2'),
('nv173','1'),
('nv174','4'),
('nv178','6'),
('nv179','3'),
('nv183','2'),
('nv184','10'),
('nv188','9'),
('nv189','5'),
('nv193','5'),
('nv194','4'),
('nv198','10'),
('nv199','5'),
('nv203','7'),
('nv204','9'),
('nv208','4'),
('nv209','5'),
('nv213','10'),
('nv214','7'),
('nv218','10'),
('nv219','9'),
('nv223','10'),
('nv224','3'),
('nv228','10'),
('nv229','10'),
('nv233','5'),
('nv234','6'),
('nv238','10'),
('nv239','6'),
('nv243','9'),
('nv244','3'),
('nv248','4'),
('nv249','7'),
('nv253','2'),
('nv254','5'),
('nv258','2'),
('nv259','6'),
('nv263','10'),
('nv264','1'),
('nv268','9'),
('nv269','5'),
('nv273','5'),
('nv274','2'),
('nv278','9'),
('nv279','7'),
('nv283','1'),
('nv284','4'),
('nv288','3'),
('nv289','7'),
('nv293','6'),
('nv294','8'),
('nv298','6'),
('nv299','10'),
('nv303','6'),
('nv304','10'),
('nv308','1'),
('nv309','1'),
('nv313','8'),
('nv314','9'),
('nv318','2'),
('nv319','6'),
('nv323','4'),
('nv324','5'),
('nv328','4'),
('nv329','6'),
('nv333','4'),
('nv334','8'),
('nv338','2'),
('nv339','10'),
('nv343','2'),
('nv344','10'),
('nv348','9'),
('nv349','7'),
('nv353','3'),
('nv354','6'),
('nv358','4'),
('nv359','8'),
('nv363','8'),
('nv364','1'),
('nv368','4'),
('nv369','8'),
('nv373','2'),
('nv374','6'),
('nv378','5'),
('nv379','9'),
('nv383','2'),
('nv384','7'),
('nv388','10'),
('nv389','6'),
('nv393','4'),
('nv394','4'),
('nv398','10'),
('nv399','4'),
('nv403','8'),
('nv404','1'),
('nv408','2'),
('nv409','8'),
('nv413','2'),
('nv414','6'),
('nv418','5'),
('nv419','4'),
('nv423','5'),
('nv424','2'),
('nv428','5'),
('nv429','2'),
('nv433','2'),
('nv434','2'),
('nv438','4'),
('nv439','8'),
('nv443','4'),
('nv444','8'),
('nv448','3'),
('nv449','6'),
('nv453','5'),
('nv454','10'),
('nv458','9'),
('nv459','10'),
('nv463','6'),
('nv464','1'),
('nv468','9'),
('nv469','1'),
('nv473','9'),
('nv474','2'),
('nv478','8'),
('nv479','4'),
('nv483','2'),
('nv484','6'),
('nv488','8'),
('nv489','7'),
('nv493','10'),
('nv494','4'),
('nv498','1'),
('nv499','4'),
('nv503','5'),
('nv504','1'),
('nv508','3'),
('nv509','3'),
('nv513','3'),
('nv514','9'),
('nv518','6'),
('nv519','10'),
('nv523','7'),
('nv524','5'),
('nv528','3'),
('nv529','3'),
('nv533','7'),
('nv534','9'),
('nv538','1'),
('nv539','7'),
('nv543','10'),
('nv544','5'),
('nv548','5'),
('nv549','2'),
('nv553','6'),
('nv554','2'),
('nv558','6'),
('nv559','3'),
('nv563','3'),
('nv564','3'),
('nv568','4'),
('nv569','2'),
('nv573','1'),
('nv574','2'),
('nv578','6'),
('nv579','2'),
('nv583','3'),
('nv584','4'),
('nv588','3'),
('nv589','1'),
('nv593','1'),
('nv594','6'),
('nv598','6'),
('nv599','4'),
('nv603','3'),
('nv604','8'),
('nv608','10'),
('nv609','5'),
('nv613','4'),
('nv614','1'),
('nv618','2'),
('nv619','6'),
('nv623','3'),
('nv624','8'),
('nv628','8'),
('nv629','2'),
('nv633','8'),
('nv634','10'),
('nv638','9'),
('nv639','4'),
('nv643','6'),
('nv644','2'),
('nv648','10'),
('nv649','8'),
('nv653','6'),
('nv654','7'),
('nv658','9'),
('nv659','8'),
('nv663','1'),
('nv664','5'),
('nv668','5'),
('nv669','1'),
('nv673','1'),
('nv674','5'),
('nv678','4'),
('nv679','9'),
('nv683','4'),
('nv684','6'),
('nv688','9'),
('nv689','9'),
('nv693','4'),
('nv694','5'),
('nv698','8'),
('nv699','1'),
('nv703','7'),
('nv704','6'),
('nv708','6'),
('nv709','7'),
('nv713','4'),
('nv714','4'),
('nv718','2'),
('nv719','5'),
('nv723','10'),
('nv724','5'),
('nv728','1'),
('nv729','2'),
('nv733','10'),
('nv734','7'),
('nv738','2'),
('nv739','5'),
('nv743','1'),
('nv744','8'),
('nv748','9'),
('nv749','1'),
('nv753','4'),
('nv754','1'),
('nv758','2'),
('nv759','1'),
('nv763','5'),
('nv764','6'),
('nv768','1'),
('nv769','5'),
('nv773','8'),
('nv774','2'),
('nv778','2'),
('nv779','1'),
('nv783','5'),
('nv784','4'),
('nv788','3'),
('nv789','5'),
('nv793','7'),
('nv794','4'),
('nv798','8'),
('nv799','5'),
('nv803','2'),
('nv804','2'),
('nv808','2'),
('nv809','7'),
('nv813','4'),
('nv814','5'),
('nv818','2'),
('nv819','2'),
('nv823','2'),
('nv824','7'),
('nv828','3'),
('nv829','3'),
('nv833','9'),
('nv834','10'),
('nv838','4'),
('nv839','2'),
('nv843','3'),
('nv844','7'),
('nv848','4'),
('nv849','8'),
('nv853','4'),
('nv854','8'),
('nv858','6'),
('nv859','3'),
('nv863','8'),
('nv864','3'),
('nv868','10'),
('nv869','8'),
('nv873','6'),
('nv874','9'),
('nv878','10'),
('nv879','2'),
('nv883','7'),
('nv884','7'),
('nv888','10'),
('nv889','8'),
('nv893','9'),
('nv894','4'),
('nv898','9'),
('nv899','1'),
('nv903','3'),
('nv904','7'),
('nv908','6'),
('nv909','8'),
('nv913','5'),
('nv914','5'),
('nv918','8'),
('nv919','7'),
('nv923','10'),
('nv924','9'),
('nv928','2'),
('nv929','9'),
('nv933','6'),
('nv934','4'),
('nv938','10'),
('nv939','8'),
('nv943','8'),
('nv944','1'),
('nv948','10'),
('nv949','3'),
('nv953','7'),
('nv954','9'),
('nv958','2'),
('nv959','5'),
('nv963','8'),
('nv964','10'),
('nv968','9'),
('nv969','5'),
('nv973','8'),
('nv974','5'),
('nv978','3'),
('nv979','10'),
('nv983','5'),
('nv984','7'),
('nv988','9'),
('nv989','3'),
('nv993','7'),
('nv994','9'),
('nv998','8'),
('nv999','8')
use quan_ly_khach_san
go
insert into Phong(Ten_phong,Loai_phong,Trang_thai_phong,ID_Phong,Gia_phong,ID_Nhan_vien) values
('Phong 1','Tong Thong','true','ph001','3000000','nv004'),
('Phong 2','Gia dinh','true','ph002','9000000','nv008'),
('Phong 3','Doi','false','ph003','7000000','nv009'),
('Phong 4','Gia dinh','false','ph004','4000000','nv013'),
('Phong 5','Doi','false','ph005','9000000','nv014'),
('Phong 6','Don','true','ph006','7000000','nv018'),
('Phong 7','VIP','true','ph007','8000000','nv019'),
('Phong 8','Doi','false','ph008','4000000','nv023'),
('Phong 9','Gia dinh','false','ph009','6000000','nv024'),
('Phong 10','VIP','false','ph010','10000000','nv028'),
('Phong 11','Gia dinh','true','ph011','5000000','nv029'),
('Phong 12','Doi','false','ph012','10000000','nv033'),
('Phong 13','Don','true','ph013','6000000','nv034'),
('Phong 14','Doi','false','ph014','1000000','nv038'),
('Phong 15','VIP','false','ph015','1000000','nv039'),
('Phong 16','Tong Thong','true','ph016','10000000','nv043'),
('Phong 17','Doi','true','ph017','8000000','nv044'),
('Phong 18','VIP','true','ph018','7000000','nv048'),
('Phong 19','Doi','true','ph019','7000000','nv049'),
('Phong 20','Don','true','ph020','8000000','nv053'),
('Phong 21','Tong Thong','false','ph021','6000000','nv054'),
('Phong 22','VIP','true','ph022','10000000','nv058'),
('Phong 23','VIP','true','ph023','8000000','nv059'),
('Phong 24','Doi','false','ph024','10000000','nv063'),
('Phong 25','Tong Thong','false','ph025','6000000','nv064'),
('Phong 26','Tong Thong','true','ph026','10000000','nv068'),
('Phong 27','Don','false','ph027','8000000','nv069'),
('Phong 28','VIP','true','ph028','5000000','nv073'),
('Phong 29','Don','true','ph029','6000000','nv074'),
('Phong 30','Tong Thong','true','ph030','4000000','nv078'),
('Phong 31','Tong Thong','true','ph031','4000000','nv079'),
('Phong 32','Doi','false','ph032','2000000','nv083'),
('Phong 33','Doi','false','ph033','6000000','nv084'),
('Phong 34','Don','false','ph034','8000000','nv088'),
('Phong 35','Gia dinh','true','ph035','10000000','nv089'),
('Phong 36','Don','false','ph036','9000000','nv093'),
('Phong 37','Tong Thong','false','ph037','1000000','nv094'),
('Phong 38','Don','false','ph038','2000000','nv098'),
('Phong 39','Doi','false','ph039','1000000','nv099'),
('Phong 40','Gia dinh','true','ph040','3000000','nv103'),
('Phong 41','Tong Thong','true','ph041','3000000','nv104'),
('Phong 42','Don','true','ph042','9000000','nv108'),
('Phong 43','Tong Thong','true','ph043','1000000','nv109'),
('Phong 44','Tong Thong','false','ph044','3000000','nv113'),
('Phong 45','Tong Thong','false','ph045','9000000','nv114'),
('Phong 46','VIP','true','ph046','8000000','nv118'),
('Phong 47','Gia dinh','true','ph047','9000000','nv119'),
('Phong 48','Gia dinh','true','ph048','5000000','nv123'),
('Phong 49','Tong Thong','false','ph049','1000000','nv124'),
('Phong 50','VIP','true','ph050','7000000','nv128'),
('Phong 51','Gia dinh','true','ph051','1000000','nv129'),
('Phong 52','Doi','true','ph052','2000000','nv133'),
('Phong 53','Gia dinh','false','ph053','10000000','nv134'),
('Phong 54','Doi','true','ph054','7000000','nv138'),
('Phong 55','Gia dinh','false','ph055','2000000','nv139'),
('Phong 56','Tong Thong','true','ph056','6000000','nv143'),
('Phong 57','Tong Thong','false','ph057','7000000','nv144'),
('Phong 58','VIP','true','ph058','8000000','nv148'),
('Phong 59','Don','false','ph059','6000000','nv149'),
('Phong 60','Gia dinh','false','ph060','9000000','nv153'),
('Phong 61','Gia dinh','false','ph061','7000000','nv154'),
('Phong 62','Doi','true','ph062','3000000','nv158'),
('Phong 63','Doi','false','ph063','2000000','nv159'),
('Phong 64','Tong Thong','true','ph064','7000000','nv163'),
('Phong 65','Gia dinh','true','ph065','2000000','nv164'),
('Phong 66','VIP','true','ph066','8000000','nv168'),
('Phong 67','Tong Thong','true','ph067','8000000','nv169'),
('Phong 68','Don','false','ph068','10000000','nv173'),
('Phong 69','Tong Thong','true','ph069','5000000','nv174'),
('Phong 70','Don','true','ph070','10000000','nv178'),
('Phong 71','VIP','false','ph071','1000000','nv179'),
('Phong 72','Doi','true','ph072','2000000','nv183'),
('Phong 73','Doi','false','ph073','6000000','nv184'),
('Phong 74','Don','true','ph074','10000000','nv188'),
('Phong 75','Gia dinh','false','ph075','1000000','nv189'),
('Phong 76','Gia dinh','true','ph076','7000000','nv193'),
('Phong 77','VIP','false','ph077','7000000','nv194'),
('Phong 78','Don','true','ph078','6000000','nv198'),
('Phong 79','Doi','false','ph079','3000000','nv199'),
('Phong 80','Don','false','ph080','8000000','nv203'),
('Phong 81','Don','false','ph081','8000000','nv204'),
('Phong 82','Gia dinh','false','ph082','2000000','nv208'),
('Phong 83','Gia dinh','false','ph083','1000000','nv209'),
('Phong 84','VIP','true','ph084','8000000','nv213'),
('Phong 85','Doi','true','ph085','7000000','nv214'),
('Phong 86','Tong Thong','false','ph086','10000000','nv218'),
('Phong 87','VIP','true','ph087','2000000','nv219'),
('Phong 88','Doi','true','ph088','3000000','nv223'),
('Phong 89','Tong Thong','false','ph089','6000000','nv224'),
('Phong 90','Tong Thong','true','ph090','2000000','nv228'),
('Phong 91','Don','true','ph091','6000000','nv229'),
('Phong 92','Doi','true','ph092','3000000','nv233'),
('Phong 93','Doi','false','ph093','6000000','nv234'),
('Phong 94','Doi','true','ph094','6000000','nv238'),
('Phong 95','Don','false','ph095','3000000','nv239'),
('Phong 96','Doi','false','ph096','2000000','nv243'),
('Phong 97','Don','false','ph097','5000000','nv244'),
('Phong 98','Gia dinh','true','ph098','9000000','nv248'),
('Phong 99','Tong Thong','true','ph099','8000000','nv249'),
('Phong 100','Don','true','ph100','5000000','nv253'),
('Phong 101','Gia dinh','false','ph101','9000000','nv254'),
('Phong 102','VIP','false','ph102','3000000','nv258'),
('Phong 103','Gia dinh','true','ph103','9000000','nv259'),
('Phong 104','Tong Thong','true','ph104','5000000','nv263'),
('Phong 105','Doi','true','ph105','6000000','nv264'),
('Phong 106','Tong Thong','false','ph106','7000000','nv268'),
('Phong 107','Gia dinh','false','ph107','5000000','nv269'),
('Phong 108','Don','false','ph108','1000000','nv273'),
('Phong 109','Gia dinh','false','ph109','9000000','nv274'),
('Phong 110','Gia dinh','false','ph110','4000000','nv278'),
('Phong 111','Tong Thong','false','ph111','5000000','nv279'),
('Phong 112','Tong Thong','true','ph112','9000000','nv283'),
('Phong 113','Doi','false','ph113','7000000','nv284'),
('Phong 114','Don','true','ph114','6000000','nv288'),
('Phong 115','Don','false','ph115','10000000','nv289'),
('Phong 116','Doi','true','ph116','5000000','nv293'),
('Phong 117','Gia dinh','true','ph117','9000000','nv294'),
('Phong 118','Doi','false','ph118','5000000','nv298'),
('Phong 119','Don','true','ph119','1000000','nv299'),
('Phong 120','VIP','true','ph120','7000000','nv303'),
('Phong 121','Gia dinh','true','ph121','8000000','nv304'),
('Phong 122','Gia dinh','false','ph122','8000000','nv308'),
('Phong 123','Don','true','ph123','7000000','nv309'),
('Phong 124','Tong Thong','true','ph124','9000000','nv313'),
('Phong 125','Doi','false','ph125','1000000','nv314'),
('Phong 126','Don','true','ph126','6000000','nv318'),
('Phong 127','Doi','false','ph127','6000000','nv319'),
('Phong 128','Don','false','ph128','5000000','nv323'),
('Phong 129','Don','false','ph129','3000000','nv324'),
('Phong 130','Gia dinh','true','ph130','5000000','nv328'),
('Phong 131','Gia dinh','false','ph131','6000000','nv329'),
('Phong 132','Doi','false','ph132','5000000','nv333'),
('Phong 133','Don','true','ph133','5000000','nv334'),
('Phong 134','Doi','true','ph134','4000000','nv338'),
('Phong 135','VIP','false','ph135','9000000','nv339'),
('Phong 136','Gia dinh','true','ph136','3000000','nv343'),
('Phong 137','Gia dinh','false','ph137','4000000','nv344'),
('Phong 138','Don','true','ph138','8000000','nv348'),
('Phong 139','VIP','true','ph139','10000000','nv349'),
('Phong 140','VIP','true','ph140','7000000','nv353'),
('Phong 141','Gia dinh','true','ph141','2000000','nv354'),
('Phong 142','Gia dinh','false','ph142','8000000','nv358'),
('Phong 143','VIP','false','ph143','7000000','nv359'),
('Phong 144','Gia dinh','false','ph144','10000000','nv363'),
('Phong 145','Don','true','ph145','10000000','nv364'),
('Phong 146','Don','true','ph146','2000000','nv368'),
('Phong 147','VIP','false','ph147','1000000','nv369'),
('Phong 148','Doi','true','ph148','6000000','nv373'),
('Phong 149','Doi','true','ph149','10000000','nv374'),
('Phong 150','Doi','true','ph150','6000000','nv378'),
('Phong 151','Gia dinh','true','ph151','1000000','nv379'),
('Phong 152','Doi','true','ph152','3000000','nv383'),
('Phong 153','Doi','false','ph153','9000000','nv384'),
('Phong 154','Doi','false','ph154','3000000','nv388'),
('Phong 155','Gia dinh','true','ph155','7000000','nv389'),
('Phong 156','VIP','true','ph156','5000000','nv393'),
('Phong 157','Gia dinh','false','ph157','10000000','nv394'),
('Phong 158','Gia dinh','false','ph158','4000000','nv398'),
('Phong 159','Don','false','ph159','1000000','nv399'),
('Phong 160','Doi','true','ph160','2000000','nv403'),
('Phong 161','Don','false','ph161','2000000','nv404'),
('Phong 162','Doi','false','ph162','7000000','nv408'),
('Phong 163','Tong Thong','true','ph163','7000000','nv409'),
('Phong 164','Don','false','ph164','2000000','nv413'),
('Phong 165','Gia dinh','true','ph165','10000000','nv414'),
('Phong 166','VIP','false','ph166','10000000','nv418'),
('Phong 167','Doi','false','ph167','7000000','nv419'),
('Phong 168','Gia dinh','true','ph168','4000000','nv423'),
('Phong 169','Tong Thong','false','ph169','5000000','nv424'),
('Phong 170','Don','false','ph170','5000000','nv428'),
('Phong 171','Don','true','ph171','3000000','nv429'),
('Phong 172','Gia dinh','false','ph172','4000000','nv433'),
('Phong 173','Tong Thong','false','ph173','6000000','nv434'),
('Phong 174','Gia dinh','false','ph174','7000000','nv438'),
('Phong 175','VIP','false','ph175','2000000','nv439'),
('Phong 176','Gia dinh','true','ph176','1000000','nv443'),
('Phong 177','Tong Thong','false','ph177','5000000','nv444'),
('Phong 178','Tong Thong','true','ph178','1000000','nv448'),
('Phong 179','Tong Thong','false','ph179','9000000','nv449'),
('Phong 180','Doi','false','ph180','7000000','nv453'),
('Phong 181','Tong Thong','false','ph181','1000000','nv454'),
('Phong 182','Doi','false','ph182','10000000','nv458'),
('Phong 183','Don','false','ph183','7000000','nv459'),
('Phong 184','Doi','true','ph184','1000000','nv463'),
('Phong 185','Tong Thong','true','ph185','5000000','nv464'),
('Phong 186','Doi','false','ph186','10000000','nv468'),
('Phong 187','VIP','true','ph187','10000000','nv469'),
('Phong 188','Gia dinh','true','ph188','4000000','nv473'),
('Phong 189','Gia dinh','false','ph189','9000000','nv474'),
('Phong 190','Tong Thong','true','ph190','5000000','nv478'),
('Phong 191','Don','true','ph191','2000000','nv479'),
('Phong 192','Gia dinh','false','ph192','1000000','nv483'),
('Phong 193','Tong Thong','false','ph193','7000000','nv484'),
('Phong 194','Gia dinh','true','ph194','4000000','nv488'),
('Phong 195','VIP','true','ph195','2000000','nv489'),
('Phong 196','Tong Thong','true','ph196','10000000','nv493'),
('Phong 197','Don','false','ph197','8000000','nv494'),
('Phong 198','Tong Thong','false','ph198','2000000','nv498'),
('Phong 199','Tong Thong','false','ph199','10000000','nv499'),
('Phong 200','Tong Thong','false','ph200','7000000','nv503'),
('Phong 201','Don','false','ph201','8000000','nv504'),
('Phong 202','Doi','true','ph202','7000000','nv508'),
('Phong 203','Doi','true','ph203','4000000','nv509'),
('Phong 204','Don','true','ph204','6000000','nv513'),
('Phong 205','Tong Thong','true','ph205','1000000','nv514'),
('Phong 206','Don','false','ph206','2000000','nv518'),
('Phong 207','Tong Thong','false','ph207','3000000','nv519'),
('Phong 208','Don','true','ph208','1000000','nv523'),
('Phong 209','VIP','true','ph209','8000000','nv524'),
('Phong 210','VIP','false','ph210','5000000','nv528'),
('Phong 211','Tong Thong','false','ph211','8000000','nv529'),
('Phong 212','Tong Thong','false','ph212','6000000','nv533'),
('Phong 213','Don','true','ph213','2000000','nv534'),
('Phong 214','Tong Thong','true','ph214','1000000','nv538'),
('Phong 215','Doi','true','ph215','2000000','nv539'),
('Phong 216','Gia dinh','true','ph216','10000000','nv543'),
('Phong 217','VIP','false','ph217','6000000','nv544'),
('Phong 218','Doi','false','ph218','9000000','nv548'),
('Phong 219','Gia dinh','true','ph219','1000000','nv549'),
('Phong 220','Don','true','ph220','7000000','nv553'),
('Phong 221','Doi','false','ph221','6000000','nv554'),
('Phong 222','VIP','true','ph222','9000000','nv558'),
('Phong 223','VIP','true','ph223','4000000','nv559'),
('Phong 224','VIP','true','ph224','4000000','nv563'),
('Phong 225','VIP','false','ph225','10000000','nv564'),
('Phong 226','Don','true','ph226','7000000','nv568'),
('Phong 227','Don','false','ph227','9000000','nv569'),
('Phong 228','Don','false','ph228','9000000','nv573'),
('Phong 229','Gia dinh','true','ph229','4000000','nv574'),
('Phong 230','Doi','true','ph230','10000000','nv578'),
('Phong 231','VIP','false','ph231','2000000','nv579'),
('Phong 232','Tong Thong','false','ph232','2000000','nv583'),
('Phong 233','Tong Thong','false','ph233','4000000','nv584'),
('Phong 234','VIP','false','ph234','6000000','nv588'),
('Phong 235','Tong Thong','true','ph235','7000000','nv589'),
('Phong 236','Doi','true','ph236','10000000','nv593'),
('Phong 237','Tong Thong','true','ph237','4000000','nv594'),
('Phong 238','Tong Thong','true','ph238','4000000','nv598'),
('Phong 239','Gia dinh','true','ph239','4000000','nv599'),
('Phong 240','Gia dinh','false','ph240','3000000','nv603'),
('Phong 241','Don','true','ph241','5000000','nv604'),
('Phong 242','Doi','false','ph242','9000000','nv608'),
('Phong 243','Tong Thong','false','ph243','9000000','nv609'),
('Phong 244','Doi','true','ph244','6000000','nv613'),
('Phong 245','Gia dinh','false','ph245','8000000','nv614'),
('Phong 246','Don','false','ph246','7000000','nv618'),
('Phong 247','Gia dinh','false','ph247','4000000','nv619'),
('Phong 248','Don','false','ph248','10000000','nv623'),
('Phong 249','VIP','false','ph249','5000000','nv624'),
('Phong 250','Don','true','ph250','7000000','nv628'),
('Phong 251','Don','false','ph251','4000000','nv629'),
('Phong 252','Tong Thong','true','ph252','8000000','nv633'),
('Phong 253','Gia dinh','true','ph253','8000000','nv634'),
('Phong 254','Don','true','ph254','5000000','nv638'),
('Phong 255','Doi','true','ph255','5000000','nv639'),
('Phong 256','VIP','false','ph256','6000000','nv643'),
('Phong 257','Don','false','ph257','4000000','nv644'),
('Phong 258','Tong Thong','true','ph258','4000000','nv648'),
('Phong 259','VIP','true','ph259','10000000','nv649'),
('Phong 260','Don','false','ph260','10000000','nv653'),
('Phong 261','Doi','false','ph261','5000000','nv654'),
('Phong 262','VIP','false','ph262','9000000','nv658'),
('Phong 263','Don','true','ph263','8000000','nv659'),
('Phong 264','Doi','false','ph264','3000000','nv663'),
('Phong 265','Tong Thong','true','ph265','6000000','nv664'),
('Phong 266','Tong Thong','true','ph266','5000000','nv668'),
('Phong 267','Doi','false','ph267','9000000','nv669'),
('Phong 268','Tong Thong','false','ph268','8000000','nv673'),
('Phong 269','Don','false','ph269','5000000','nv674'),
('Phong 270','Tong Thong','false','ph270','8000000','nv678'),
('Phong 271','Doi','true','ph271','6000000','nv679'),
('Phong 272','VIP','false','ph272','7000000','nv683'),
('Phong 273','Tong Thong','true','ph273','1000000','nv684'),
('Phong 274','Tong Thong','false','ph274','4000000','nv688'),
('Phong 275','Doi','false','ph275','9000000','nv689'),
('Phong 276','Tong Thong','false','ph276','5000000','nv693'),
('Phong 277','VIP','true','ph277','1000000','nv694'),
('Phong 278','Don','false','ph278','3000000','nv698'),
('Phong 279','Gia dinh','true','ph279','8000000','nv699'),
('Phong 280','VIP','true','ph280','6000000','nv703'),
('Phong 281','Tong Thong','false','ph281','4000000','nv704'),
('Phong 282','Don','true','ph282','9000000','nv708'),
('Phong 283','Gia dinh','false','ph283','2000000','nv709'),
('Phong 284','VIP','true','ph284','2000000','nv713'),
('Phong 285','VIP','true','ph285','5000000','nv714'),
('Phong 286','Don','true','ph286','4000000','nv718'),
('Phong 287','Gia dinh','false','ph287','4000000','nv719'),
('Phong 288','VIP','true','ph288','3000000','nv723'),
('Phong 289','VIP','true','ph289','9000000','nv724'),
('Phong 290','VIP','true','ph290','3000000','nv728'),
('Phong 291','Doi','false','ph291','6000000','nv729'),
('Phong 292','Gia dinh','false','ph292','2000000','nv733'),
('Phong 293','VIP','true','ph293','8000000','nv734'),
('Phong 294','Tong Thong','true','ph294','6000000','nv738'),
('Phong 295','Gia dinh','true','ph295','10000000','nv739'),
('Phong 296','VIP','true','ph296','1000000','nv743'),
('Phong 297','Doi','false','ph297','3000000','nv744'),
('Phong 298','VIP','true','ph298','3000000','nv748'),
('Phong 299','Tong Thong','true','ph299','5000000','nv749'),
('Phong 300','Tong Thong','false','ph300','1000000','nv753'),
('Phong 301','Doi','true','ph301','8000000','nv754'),
('Phong 302','Don','false','ph302','9000000','nv758'),
('Phong 303','Gia dinh','true','ph303','4000000','nv759'),
('Phong 304','Doi','false','ph304','7000000','nv763'),
('Phong 305','Don','false','ph305','3000000','nv764'),
('Phong 306','Don','false','ph306','9000000','nv768'),
('Phong 307','VIP','true','ph307','9000000','nv769'),
('Phong 308','VIP','false','ph308','6000000','nv773'),
('Phong 309','Tong Thong','true','ph309','6000000','nv774'),
('Phong 310','Don','false','ph310','1000000','nv778'),
('Phong 311','Tong Thong','true','ph311','7000000','nv779'),
('Phong 312','Tong Thong','true','ph312','3000000','nv783'),
('Phong 313','Doi','false','ph313','8000000','nv784'),
('Phong 314','Don','true','ph314','3000000','nv788'),
('Phong 315','Gia dinh','false','ph315','6000000','nv789'),
('Phong 316','Tong Thong','true','ph316','5000000','nv793'),
('Phong 317','Don','false','ph317','10000000','nv794'),
('Phong 318','Doi','true','ph318','10000000','nv798'),
('Phong 319','Tong Thong','true','ph319','6000000','nv799'),
('Phong 320','Gia dinh','false','ph320','9000000','nv803'),
('Phong 321','Doi','true','ph321','3000000','nv804'),
('Phong 322','Don','true','ph322','2000000','nv808'),
('Phong 323','Don','false','ph323','8000000','nv809'),
('Phong 324','Don','false','ph324','9000000','nv813'),
('Phong 325','Doi','true','ph325','5000000','nv814'),
('Phong 326','Doi','false','ph326','2000000','nv818'),
('Phong 327','VIP','true','ph327','3000000','nv819'),
('Phong 328','Don','false','ph328','3000000','nv823'),
('Phong 329','Tong Thong','false','ph329','5000000','nv824'),
('Phong 330','VIP','false','ph330','2000000','nv828'),
('Phong 331','Gia dinh','true','ph331','10000000','nv829'),
('Phong 332','Doi','true','ph332','3000000','nv833'),
('Phong 333','Gia dinh','true','ph333','10000000','nv834'),
('Phong 334','VIP','true','ph334','6000000','nv838'),
('Phong 335','Doi','false','ph335','7000000','nv839'),
('Phong 336','Doi','false','ph336','7000000','nv843'),
('Phong 337','Don','true','ph337','7000000','nv844'),
('Phong 338','Doi','true','ph338','4000000','nv848'),
('Phong 339','Tong Thong','false','ph339','4000000','nv849'),
('Phong 340','Tong Thong','true','ph340','2000000','nv853'),
('Phong 341','Tong Thong','false','ph341','4000000','nv854'),
('Phong 342','VIP','false','ph342','7000000','nv858'),
('Phong 343','Gia dinh','true','ph343','1000000','nv859'),
('Phong 344','Gia dinh','true','ph344','4000000','nv863'),
('Phong 345','Tong Thong','false','ph345','2000000','nv864'),
('Phong 346','Gia dinh','true','ph346','5000000','nv868'),
('Phong 347','Gia dinh','false','ph347','2000000','nv869'),
('Phong 348','VIP','false','ph348','4000000','nv873'),
('Phong 349','Doi','false','ph349','8000000','nv874'),
('Phong 350','VIP','true','ph350','5000000','nv878'),
('Phong 351','Gia dinh','true','ph351','1000000','nv879'),
('Phong 352','VIP','false','ph352','1000000','nv883'),
('Phong 353','Tong Thong','true','ph353','9000000','nv884'),
('Phong 354','VIP','true','ph354','8000000','nv888'),
('Phong 355','Gia dinh','false','ph355','3000000','nv889'),
('Phong 356','Gia dinh','true','ph356','9000000','nv893'),
('Phong 357','Don','true','ph357','4000000','nv894'),
('Phong 358','Tong Thong','true','ph358','7000000','nv898'),
('Phong 359','VIP','true','ph359','2000000','nv899'),
('Phong 360','VIP','true','ph360','2000000','nv903'),
('Phong 361','Doi','true','ph361','8000000','nv904'),
('Phong 362','Gia dinh','true','ph362','3000000','nv908'),
('Phong 363','Tong Thong','false','ph363','3000000','nv909'),
('Phong 364','VIP','false','ph364','2000000','nv913'),
('Phong 365','Doi','true','ph365','3000000','nv914'),
('Phong 366','VIP','false','ph366','7000000','nv918'),
('Phong 367','Gia dinh','true','ph367','5000000','nv919'),
('Phong 368','Don','false','ph368','1000000','nv923'),
('Phong 369','Don','true','ph369','10000000','nv924'),
('Phong 370','Tong Thong','false','ph370','6000000','nv928'),
('Phong 371','Doi','true','ph371','2000000','nv929'),
('Phong 372','Gia dinh','false','ph372','5000000','nv933'),
('Phong 373','Gia dinh','true','ph373','2000000','nv934'),
('Phong 374','Gia dinh','true','ph374','10000000','nv938'),
('Phong 375','Tong Thong','true','ph375','7000000','nv939'),
('Phong 376','VIP','false','ph376','6000000','nv943'),
('Phong 377','Don','false','ph377','9000000','nv944'),
('Phong 378','Don','false','ph378','1000000','nv948'),
('Phong 379','Gia dinh','false','ph379','2000000','nv949'),
('Phong 380','VIP','false','ph380','9000000','nv953'),
('Phong 381','Don','true','ph381','6000000','nv954'),
('Phong 382','Tong Thong','true','ph382','1000000','nv958'),
('Phong 383','Doi','false','ph383','2000000','nv959'),
('Phong 384','Doi','false','ph384','1000000','nv963'),
('Phong 385','Doi','false','ph385','9000000','nv964'),
('Phong 386','Gia dinh','false','ph386','8000000','nv968'),
('Phong 387','Doi','true','ph387','8000000','nv969'),
('Phong 388','Tong Thong','false','ph388','2000000','nv973'),
('Phong 389','VIP','false','ph389','8000000','nv974'),
('Phong 390','Don','true','ph390','6000000','nv978'),
('Phong 391','Doi','true','ph391','3000000','nv979'),
('Phong 392','VIP','true','ph392','9000000','nv983'),
('Phong 393','VIP','false','ph393','8000000','nv984'),
('Phong 394','VIP','true','ph394','3000000','nv988'),
('Phong 395','VIP','false','ph395','10000000','nv989'),
('Phong 396','Tong Thong','true','ph396','1000000','nv993'),
('Phong 397','VIP','true','ph397','10000000','nv994'),
('Phong 398','Gia dinh','false','ph398','2000000','nv998'),
('Phong 399','VIP','true','ph399','5000000','nv999'),
('Phong 400','Don','false','ph400','1000000','nv003'),
('Phong 401','Don','true','ph401','5000000','nv004'),
('Phong 402','Don','false','ph402','5000000','nv008'),
('Phong 403','Don','true','ph403','7000000','nv009'),
('Phong 404','Doi','true','ph404','2000000','nv013'),
('Phong 405','Don','false','ph405','2000000','nv014'),
('Phong 406','Tong Thong','false','ph406','4000000','nv018'),
('Phong 407','VIP','false','ph407','1000000','nv019'),
('Phong 408','Doi','true','ph408','8000000','nv023'),
('Phong 409','Tong Thong','true','ph409','5000000','nv024'),
('Phong 410','Tong Thong','false','ph410','7000000','nv028'),
('Phong 411','Tong Thong','true','ph411','2000000','nv029'),
('Phong 412','Gia dinh','true','ph412','5000000','nv033'),
('Phong 413','VIP','false','ph413','4000000','nv034'),
('Phong 414','VIP','false','ph414','4000000','nv038'),
('Phong 415','Tong Thong','false','ph415','1000000','nv039'),
('Phong 416','Tong Thong','true','ph416','2000000','nv043'),
('Phong 417','Don','false','ph417','10000000','nv044'),
('Phong 418','Doi','false','ph418','9000000','nv048'),
('Phong 419','VIP','false','ph419','5000000','nv049'),
('Phong 420','VIP','true','ph420','5000000','nv053'),
('Phong 421','Don','true','ph421','4000000','nv054'),
('Phong 422','VIP','false','ph422','2000000','nv058'),
('Phong 423','VIP','false','ph423','2000000','nv059'),
('Phong 424','Gia dinh','false','ph424','5000000','nv063'),
('Phong 425','Gia dinh','true','ph425','10000000','nv064'),
('Phong 426','VIP','false','ph426','1000000','nv068'),
('Phong 427','Gia dinh','false','ph427','3000000','nv069'),
('Phong 428','Don','true','ph428','8000000','nv073'),
('Phong 429','VIP','true','ph429','10000000','nv074'),
('Phong 430','VIP','false','ph430','1000000','nv078'),
('Phong 431','Tong Thong','true','ph431','9000000','nv079'),
('Phong 432','VIP','true','ph432','8000000','nv083'),
('Phong 433','Doi','true','ph433','10000000','nv084'),
('Phong 434','VIP','true','ph434','9000000','nv088'),
('Phong 435','Gia dinh','false','ph435','9000000','nv089'),
('Phong 436','Gia dinh','false','ph436','6000000','nv093'),
('Phong 437','Gia dinh','true','ph437','9000000','nv094'),
('Phong 438','Tong Thong','false','ph438','6000000','nv098'),
('Phong 439','Don','false','ph439','6000000','nv099'),
('Phong 440','Tong Thong','true','ph440','4000000','nv103'),
('Phong 441','Don','false','ph441','7000000','nv104'),
('Phong 442','Doi','false','ph442','6000000','nv108'),
('Phong 443','Don','true','ph443','7000000','nv109'),
('Phong 444','VIP','false','ph444','5000000','nv113'),
('Phong 445','Don','true','ph445','5000000','nv114'),
('Phong 446','Tong Thong','false','ph446','7000000','nv118'),
('Phong 447','VIP','false','ph447','7000000','nv119'),
('Phong 448','Tong Thong','true','ph448','5000000','nv123'),
('Phong 449','Tong Thong','false','ph449','7000000','nv124'),
('Phong 450','Tong Thong','false','ph450','2000000','nv128'),
('Phong 451','Don','false','ph451','3000000','nv129'),
('Phong 452','Doi','true','ph452','10000000','nv133'),
('Phong 453','Don','true','ph453','2000000','nv134'),
('Phong 454','Gia dinh','false','ph454','2000000','nv138'),
('Phong 455','Gia dinh','true','ph455','9000000','nv139'),
('Phong 456','Tong Thong','false','ph456','7000000','nv143'),
('Phong 457','Tong Thong','false','ph457','2000000','nv144'),
('Phong 458','Doi','true','ph458','5000000','nv148'),
('Phong 459','Doi','false','ph459','1000000','nv149'),
('Phong 460','VIP','false','ph460','10000000','nv153'),
('Phong 461','Doi','false','ph461','8000000','nv154'),
('Phong 462','Tong Thong','true','ph462','2000000','nv158'),
('Phong 463','VIP','true','ph463','10000000','nv159'),
('Phong 464','Tong Thong','false','ph464','2000000','nv163'),
('Phong 465','Tong Thong','false','ph465','10000000','nv164'),
('Phong 466','Doi','true','ph466','10000000','nv168'),
('Phong 467','VIP','false','ph467','5000000','nv169'),
('Phong 468','Don','false','ph468','8000000','nv173'),
('Phong 469','Doi','false','ph469','10000000','nv174'),
('Phong 470','Don','false','ph470','8000000','nv178'),
('Phong 471','Gia dinh','true','ph471','5000000','nv179'),
('Phong 472','Tong Thong','true','ph472','6000000','nv183'),
('Phong 473','Gia dinh','false','ph473','1000000','nv184'),
('Phong 474','Tong Thong','true','ph474','2000000','nv188'),
('Phong 475','Tong Thong','true','ph475','8000000','nv189'),
('Phong 476','Doi','true','ph476','9000000','nv193'),
('Phong 477','Doi','true','ph477','6000000','nv194'),
('Phong 478','Doi','false','ph478','8000000','nv198'),
('Phong 479','VIP','true','ph479','8000000','nv199'),
('Phong 480','VIP','false','ph480','2000000','nv203'),
('Phong 481','Doi','false','ph481','9000000','nv204'),
('Phong 482','Tong Thong','false','ph482','6000000','nv208'),
('Phong 483','Doi','false','ph483','8000000','nv209'),
('Phong 484','Tong Thong','true','ph484','1000000','nv213'),
('Phong 485','Gia dinh','false','ph485','7000000','nv214'),
('Phong 486','Doi','true','ph486','4000000','nv218'),
('Phong 487','VIP','true','ph487','3000000','nv219'),
('Phong 488','VIP','true','ph488','9000000','nv223'),
('Phong 489','Don','true','ph489','1000000','nv224'),
('Phong 490','Don','true','ph490','5000000','nv228'),
('Phong 491','Don','false','ph491','8000000','nv229'),
('Phong 492','Don','true','ph492','1000000','nv233'),
('Phong 493','Tong Thong','false','ph493','5000000','nv234'),
('Phong 494','Gia dinh','true','ph494','8000000','nv238'),
('Phong 495','VIP','true','ph495','4000000','nv239'),
('Phong 496','VIP','true','ph496','2000000','nv243'),
('Phong 497','Gia dinh','true','ph497','6000000','nv244'),
('Phong 498','Doi','true','ph498','9000000','nv248'),
('Phong 499','Gia dinh','true','ph499','7000000','nv249'),
('Phong 500','Tong Thong','false','ph500','4000000','nv253'),
('Phong 501','Doi','false','ph501','5000000','nv254'),
('Phong 502','Don','true','ph502','2000000','nv258'),
('Phong 503','Doi','true','ph503','9000000','nv259'),
('Phong 504','Gia dinh','true','ph504','5000000','nv263'),
('Phong 505','VIP','true','ph505','4000000','nv264'),
('Phong 506','Gia dinh','true','ph506','4000000','nv268'),
('Phong 507','Gia dinh','true','ph507','6000000','nv269'),
('Phong 508','Gia dinh','true','ph508','4000000','nv273'),
('Phong 509','Doi','false','ph509','4000000','nv274'),
('Phong 510','Doi','true','ph510','3000000','nv278'),
('Phong 511','Tong Thong','false','ph511','3000000','nv279'),
('Phong 512','Doi','true','ph512','4000000','nv283'),
('Phong 513','Doi','true','ph513','4000000','nv284'),
('Phong 514','VIP','false','ph514','1000000','nv288'),
('Phong 515','Don','false','ph515','3000000','nv289'),
('Phong 516','Don','false','ph516','3000000','nv293'),
('Phong 517','VIP','false','ph517','2000000','nv294'),
('Phong 518','VIP','true','ph518','10000000','nv298'),
('Phong 519','VIP','true','ph519','5000000','nv299'),
('Phong 520','Tong Thong','true','ph520','5000000','nv303'),
('Phong 521','VIP','true','ph521','7000000','nv304'),
('Phong 522','Tong Thong','true','ph522','4000000','nv308'),
('Phong 523','Doi','true','ph523','9000000','nv309'),
('Phong 524','Don','false','ph524','1000000','nv313'),
('Phong 525','Tong Thong','true','ph525','8000000','nv314'),
('Phong 526','Tong Thong','false','ph526','6000000','nv318'),
('Phong 527','Doi','true','ph527','9000000','nv319'),
('Phong 528','Doi','true','ph528','3000000','nv323'),
('Phong 529','VIP','true','ph529','9000000','nv324'),
('Phong 530','Gia dinh','true','ph530','10000000','nv328'),
('Phong 531','Gia dinh','true','ph531','5000000','nv329'),
('Phong 532','Doi','true','ph532','5000000','nv333'),
('Phong 533','Doi','false','ph533','3000000','nv334'),
('Phong 534','Gia dinh','true','ph534','5000000','nv338'),
('Phong 535','Don','false','ph535','10000000','nv339'),
('Phong 536','Doi','false','ph536','9000000','nv343'),
('Phong 537','Gia dinh','false','ph537','6000000','nv344'),
('Phong 538','Tong Thong','true','ph538','7000000','nv348'),
('Phong 539','Doi','true','ph539','9000000','nv349'),
('Phong 540','Gia dinh','true','ph540','7000000','nv353'),
('Phong 541','Gia dinh','false','ph541','5000000','nv354'),
('Phong 542','Gia dinh','true','ph542','6000000','nv358'),
('Phong 543','Gia dinh','false','ph543','8000000','nv359'),
('Phong 544','Don','true','ph544','5000000','nv363'),
('Phong 545','Doi','true','ph545','9000000','nv364'),
('Phong 546','Doi','false','ph546','2000000','nv368'),
('Phong 547','VIP','false','ph547','7000000','nv369'),
('Phong 548','Gia dinh','false','ph548','6000000','nv373'),
('Phong 549','Doi','true','ph549','6000000','nv374'),
('Phong 550','Doi','true','ph550','3000000','nv378'),
('Phong 551','VIP','true','ph551','4000000','nv379'),
('Phong 552','Tong Thong','true','ph552','5000000','nv383'),
('Phong 553','Doi','false','ph553','2000000','nv384'),
('Phong 554','Gia dinh','true','ph554','9000000','nv388'),
('Phong 555','VIP','true','ph555','6000000','nv389'),
('Phong 556','Tong Thong','false','ph556','1000000','nv393'),
('Phong 557','VIP','true','ph557','8000000','nv394'),
('Phong 558','VIP','true','ph558','7000000','nv398'),
('Phong 559','VIP','false','ph559','5000000','nv399'),
('Phong 560','Don','true','ph560','6000000','nv403'),
('Phong 561','Don','true','ph561','6000000','nv404'),
('Phong 562','Gia dinh','true','ph562','10000000','nv408'),
('Phong 563','Doi','false','ph563','7000000','nv409'),
('Phong 564','Doi','true','ph564','1000000','nv413'),
('Phong 565','Don','true','ph565','7000000','nv414'),
('Phong 566','Don','false','ph566','4000000','nv418'),
('Phong 567','Tong Thong','false','ph567','2000000','nv419'),
('Phong 568','Tong Thong','true','ph568','3000000','nv423'),
('Phong 569','VIP','true','ph569','4000000','nv424'),
('Phong 570','Don','false','ph570','2000000','nv428'),
('Phong 571','Tong Thong','false','ph571','5000000','nv429'),
('Phong 572','VIP','true','ph572','7000000','nv433'),
('Phong 573','Doi','true','ph573','5000000','nv434'),
('Phong 574','Gia dinh','true','ph574','7000000','nv438'),
('Phong 575','Tong Thong','true','ph575','9000000','nv439'),
('Phong 576','VIP','false','ph576','2000000','nv443'),
('Phong 577','Gia dinh','false','ph577','10000000','nv444'),
('Phong 578','Tong Thong','true','ph578','6000000','nv448'),
('Phong 579','Doi','false','ph579','9000000','nv449'),
('Phong 580','Gia dinh','true','ph580','3000000','nv453'),
('Phong 581','VIP','false','ph581','7000000','nv454'),
('Phong 582','Don','false','ph582','7000000','nv458'),
('Phong 583','Doi','false','ph583','8000000','nv459'),
('Phong 584','Gia dinh','true','ph584','2000000','nv463'),
('Phong 585','Don','false','ph585','5000000','nv464'),
('Phong 586','Gia dinh','false','ph586','1000000','nv468'),
('Phong 587','Doi','false','ph587','6000000','nv469'),
('Phong 588','Gia dinh','true','ph588','6000000','nv473'),
('Phong 589','Don','true','ph589','9000000','nv474'),
('Phong 590','VIP','true','ph590','2000000','nv478'),
('Phong 591','Doi','true','ph591','7000000','nv479'),
('Phong 592','Don','true','ph592','2000000','nv483'),
('Phong 593','Don','false','ph593','6000000','nv484'),
('Phong 594','Don','false','ph594','10000000','nv488'),
('Phong 595','Don','true','ph595','5000000','nv489'),
('Phong 596','VIP','true','ph596','2000000','nv493'),
('Phong 597','Gia dinh','true','ph597','5000000','nv494'),
('Phong 598','Gia dinh','true','ph598','3000000','nv498'),
('Phong 599','Doi','false','ph599','2000000','nv499'),
('Phong 600','Gia dinh','false','ph600','8000000','nv503'),
('Phong 601','Doi','false','ph601','5000000','nv504'),
('Phong 602','Gia dinh','false','ph602','7000000','nv508'),
('Phong 603','Tong Thong','false','ph603','6000000','nv509'),
('Phong 604','VIP','true','ph604','5000000','nv513'),
('Phong 605','VIP','true','ph605','3000000','nv514'),
('Phong 606','Doi','true','ph606','10000000','nv518'),
('Phong 607','Doi','false','ph607','8000000','nv519'),
('Phong 608','Doi','false','ph608','10000000','nv523'),
('Phong 609','Doi','false','ph609','1000000','nv524'),
('Phong 610','VIP','false','ph610','4000000','nv528'),
('Phong 611','Don','false','ph611','5000000','nv529'),
('Phong 612','Gia dinh','true','ph612','1000000','nv533'),
('Phong 613','Gia dinh','false','ph613','5000000','nv534'),
('Phong 614','Don','true','ph614','6000000','nv538'),
('Phong 615','Doi','true','ph615','1000000','nv539'),
('Phong 616','Gia dinh','true','ph616','1000000','nv543'),
('Phong 617','VIP','true','ph617','6000000','nv544'),
('Phong 618','Doi','false','ph618','8000000','nv548'),
('Phong 619','Doi','false','ph619','7000000','nv549'),
('Phong 620','Gia dinh','true','ph620','1000000','nv553'),
('Phong 621','Tong Thong','false','ph621','8000000','nv554'),
('Phong 622','VIP','false','ph622','7000000','nv558'),
('Phong 623','Doi','false','ph623','5000000','nv559'),
('Phong 624','Don','false','ph624','6000000','nv563'),
('Phong 625','Tong Thong','false','ph625','9000000','nv564'),
('Phong 626','Gia dinh','false','ph626','7000000','nv568'),
('Phong 627','Gia dinh','true','ph627','7000000','nv569'),
('Phong 628','Gia dinh','true','ph628','8000000','nv573'),
('Phong 629','Gia dinh','true','ph629','8000000','nv574'),
('Phong 630','Gia dinh','true','ph630','10000000','nv578'),
('Phong 631','Gia dinh','false','ph631','2000000','nv579'),
('Phong 632','Tong Thong','false','ph632','8000000','nv583'),
('Phong 633','Doi','false','ph633','10000000','nv584'),
('Phong 634','VIP','false','ph634','6000000','nv588'),
('Phong 635','Doi','true','ph635','10000000','nv589'),
('Phong 636','Doi','true','ph636','9000000','nv593'),
('Phong 637','Gia dinh','false','ph637','2000000','nv594'),
('Phong 638','Don','true','ph638','10000000','nv598'),
('Phong 639','Doi','true','ph639','4000000','nv599'),
('Phong 640','Tong Thong','true','ph640','4000000','nv603'),
('Phong 641','VIP','false','ph641','1000000','nv604'),
('Phong 642','Tong Thong','false','ph642','4000000','nv608'),
('Phong 643','VIP','false','ph643','7000000','nv609'),
('Phong 644','Gia dinh','true','ph644','2000000','nv613'),
('Phong 645','Don','false','ph645','1000000','nv614'),
('Phong 646','Doi','true','ph646','8000000','nv618'),
('Phong 647','Doi','true','ph647','6000000','nv619'),
('Phong 648','Tong Thong','true','ph648','1000000','nv623'),
('Phong 649','Gia dinh','false','ph649','4000000','nv624'),
('Phong 650','Don','true','ph650','2000000','nv628'),
('Phong 651','Don','true','ph651','9000000','nv629'),
('Phong 652','Doi','false','ph652','1000000','nv633'),
('Phong 653','VIP','true','ph653','9000000','nv634'),
('Phong 654','Gia dinh','false','ph654','9000000','nv638'),
('Phong 655','Doi','false','ph655','9000000','nv639'),
('Phong 656','Gia dinh','true','ph656','4000000','nv643'),
('Phong 657','Gia dinh','false','ph657','4000000','nv644'),
('Phong 658','Doi','true','ph658','10000000','nv648'),
('Phong 659','Gia dinh','true','ph659','6000000','nv649'),
('Phong 660','Gia dinh','false','ph660','4000000','nv653'),
('Phong 661','Don','true','ph661','9000000','nv654'),
('Phong 662','Gia dinh','true','ph662','4000000','nv658'),
('Phong 663','VIP','false','ph663','2000000','nv659'),
('Phong 664','Tong Thong','true','ph664','2000000','nv663'),
('Phong 665','VIP','true','ph665','2000000','nv664'),
('Phong 666','Doi','false','ph666','3000000','nv668'),
('Phong 667','Tong Thong','true','ph667','6000000','nv669'),
('Phong 668','Gia dinh','true','ph668','10000000','nv673'),
('Phong 669','VIP','false','ph669','4000000','nv674'),
('Phong 670','Gia dinh','true','ph670','5000000','nv678'),
('Phong 671','Doi','false','ph671','7000000','nv679'),
('Phong 672','Don','false','ph672','1000000','nv683'),
('Phong 673','Tong Thong','false','ph673','9000000','nv684'),
('Phong 674','VIP','true','ph674','9000000','nv688'),
('Phong 675','VIP','true','ph675','7000000','nv689'),
('Phong 676','Tong Thong','false','ph676','3000000','nv693'),
('Phong 677','VIP','true','ph677','4000000','nv694'),
('Phong 678','Gia dinh','false','ph678','10000000','nv698'),
('Phong 679','Doi','false','ph679','5000000','nv699'),
('Phong 680','VIP','false','ph680','6000000','nv703'),
('Phong 681','Don','true','ph681','1000000','nv704'),
('Phong 682','Don','true','ph682','2000000','nv708'),
('Phong 683','Doi','true','ph683','3000000','nv709'),
('Phong 684','Tong Thong','false','ph684','5000000','nv713'),
('Phong 685','Gia dinh','true','ph685','6000000','nv714'),
('Phong 686','Tong Thong','true','ph686','4000000','nv718'),
('Phong 687','Gia dinh','false','ph687','3000000','nv719'),
('Phong 688','Gia dinh','false','ph688','5000000','nv723'),
('Phong 689','Tong Thong','true','ph689','4000000','nv724'),
('Phong 690','Tong Thong','false','ph690','8000000','nv728'),
('Phong 691','Tong Thong','false','ph691','1000000','nv729'),
('Phong 692','Gia dinh','false','ph692','2000000','nv733'),
('Phong 693','Gia dinh','true','ph693','2000000','nv734'),
('Phong 694','Doi','false','ph694','3000000','nv738'),
('Phong 695','Doi','false','ph695','7000000','nv739'),
('Phong 696','VIP','false','ph696','5000000','nv743'),
('Phong 697','Gia dinh','false','ph697','7000000','nv744'),
('Phong 698','Don','false','ph698','3000000','nv748'),
('Phong 699','Tong Thong','false','ph699','4000000','nv749'),
('Phong 700','Tong Thong','true','ph700','6000000','nv753'),
('Phong 701','Tong Thong','false','ph701','9000000','nv754'),
('Phong 702','Gia dinh','false','ph702','7000000','nv758'),
('Phong 703','Don','false','ph703','6000000','nv759'),
('Phong 704','VIP','false','ph704','4000000','nv763'),
('Phong 705','VIP','true','ph705','3000000','nv764'),
('Phong 706','VIP','false','ph706','9000000','nv768'),
('Phong 707','VIP','false','ph707','8000000','nv769'),
('Phong 708','Tong Thong','false','ph708','5000000','nv773'),
('Phong 709','VIP','true','ph709','7000000','nv774'),
('Phong 710','VIP','false','ph710','3000000','nv778'),
('Phong 711','Gia dinh','true','ph711','1000000','nv779'),
('Phong 712','VIP','true','ph712','5000000','nv783'),
('Phong 713','VIP','false','ph713','3000000','nv784'),
('Phong 714','Tong Thong','false','ph714','8000000','nv788'),
('Phong 715','Doi','false','ph715','3000000','nv789'),
('Phong 716','Tong Thong','true','ph716','6000000','nv793'),
('Phong 717','Tong Thong','false','ph717','7000000','nv794'),
('Phong 718','Gia dinh','false','ph718','9000000','nv798'),
('Phong 719','VIP','false','ph719','5000000','nv799'),
('Phong 720','Don','true','ph720','6000000','nv803'),
('Phong 721','Doi','true','ph721','9000000','nv804'),
('Phong 722','Doi','true','ph722','5000000','nv808'),
('Phong 723','VIP','false','ph723','2000000','nv809'),
('Phong 724','Doi','false','ph724','9000000','nv813'),
('Phong 725','VIP','true','ph725','9000000','nv814'),
('Phong 726','Doi','true','ph726','5000000','nv818'),
('Phong 727','Tong Thong','true','ph727','6000000','nv819'),
('Phong 728','Gia dinh','true','ph728','2000000','nv823'),
('Phong 729','Tong Thong','false','ph729','2000000','nv824'),
('Phong 730','Don','false','ph730','5000000','nv828'),
('Phong 731','Don','true','ph731','5000000','nv829'),
('Phong 732','Doi','true','ph732','10000000','nv833'),
('Phong 733','Gia dinh','false','ph733','9000000','nv834'),
('Phong 734','Doi','false','ph734','2000000','nv838'),
('Phong 735','Tong Thong','true','ph735','7000000','nv839'),
('Phong 736','Don','false','ph736','2000000','nv843'),
('Phong 737','Doi','false','ph737','5000000','nv844'),
('Phong 738','VIP','false','ph738','3000000','nv848'),
('Phong 739','Tong Thong','false','ph739','8000000','nv849'),
('Phong 740','VIP','false','ph740','3000000','nv853'),
('Phong 741','VIP','false','ph741','3000000','nv854'),
('Phong 742','Tong Thong','false','ph742','3000000','nv858'),
('Phong 743','Gia dinh','false','ph743','4000000','nv859'),
('Phong 744','VIP','false','ph744','3000000','nv863'),
('Phong 745','Doi','false','ph745','5000000','nv864'),
('Phong 746','Tong Thong','false','ph746','8000000','nv868'),
('Phong 747','VIP','false','ph747','3000000','nv869'),
('Phong 748','Don','true','ph748','7000000','nv873'),
('Phong 749','Gia dinh','true','ph749','2000000','nv874'),
('Phong 750','Tong Thong','true','ph750','1000000','nv878'),
('Phong 751','Doi','false','ph751','1000000','nv879'),
('Phong 752','Tong Thong','false','ph752','8000000','nv883'),
('Phong 753','Don','false','ph753','9000000','nv884'),
('Phong 754','Tong Thong','false','ph754','3000000','nv888'),
('Phong 755','Don','false','ph755','2000000','nv889'),
('Phong 756','Gia dinh','true','ph756','10000000','nv893'),
('Phong 757','Doi','true','ph757','2000000','nv894'),
('Phong 758','Tong Thong','true','ph758','8000000','nv898'),
('Phong 759','Doi','true','ph759','4000000','nv899'),
('Phong 760','Gia dinh','true','ph760','10000000','nv903'),
('Phong 761','VIP','false','ph761','8000000','nv904'),
('Phong 762','VIP','false','ph762','10000000','nv908'),
('Phong 763','Tong Thong','false','ph763','4000000','nv909'),
('Phong 764','Don','true','ph764','7000000','nv913'),
('Phong 765','Doi','true','ph765','3000000','nv914'),
('Phong 766','VIP','false','ph766','7000000','nv918'),
('Phong 767','Tong Thong','true','ph767','6000000','nv919'),
('Phong 768','Tong Thong','false','ph768','9000000','nv923'),
('Phong 769','VIP','false','ph769','6000000','nv924'),
('Phong 770','VIP','true','ph770','8000000','nv928'),
('Phong 771','Don','false','ph771','1000000','nv929'),
('Phong 772','Doi','false','ph772','7000000','nv933'),
('Phong 773','Gia dinh','true','ph773','9000000','nv934'),
('Phong 774','VIP','true','ph774','9000000','nv938'),
('Phong 775','Doi','true','ph775','4000000','nv939'),
('Phong 776','Doi','false','ph776','9000000','nv943'),
('Phong 777','Don','true','ph777','1000000','nv944'),
('Phong 778','VIP','true','ph778','5000000','nv948'),
('Phong 779','Tong Thong','true','ph779','8000000','nv949'),
('Phong 780','Don','false','ph780','3000000','nv953'),
('Phong 781','VIP','true','ph781','1000000','nv954'),
('Phong 782','Tong Thong','true','ph782','2000000','nv958'),
('Phong 783','Gia dinh','true','ph783','2000000','nv959'),
('Phong 784','Doi','true','ph784','9000000','nv963'),
('Phong 785','Don','true','ph785','7000000','nv964'),
('Phong 786','Tong Thong','false','ph786','4000000','nv968'),
('Phong 787','VIP','false','ph787','2000000','nv969'),
('Phong 788','VIP','false','ph788','9000000','nv973'),
('Phong 789','VIP','false','ph789','4000000','nv974'),
('Phong 790','Gia dinh','false','ph790','7000000','nv978'),
('Phong 791','Doi','true','ph791','2000000','nv979'),
('Phong 792','Don','true','ph792','3000000','nv983'),
('Phong 793','Don','false','ph793','6000000','nv984'),
('Phong 794','VIP','true','ph794','9000000','nv988'),
('Phong 795','Doi','true','ph795','2000000','nv989'),
('Phong 796','VIP','true','ph796','9000000','nv993'),
('Phong 797','Tong Thong','true','ph797','1000000','nv994'),
('Phong 798','Tong Thong','true','ph798','7000000','nv998'),
('Phong 799','Gia dinh','false','ph799','4000000','nv999'),
('Phong 800','Doi','true','ph800','10000000','nv003'),
('Phong 801','Doi','true','ph801','1000000','nv004'),
('Phong 802','Tong Thong','true','ph802','9000000','nv008'),
('Phong 803','VIP','true','ph803','10000000','nv009'),
('Phong 804','Gia dinh','false','ph804','10000000','nv013'),
('Phong 805','Doi','false','ph805','4000000','nv014'),
('Phong 806','Don','false','ph806','6000000','nv018'),
('Phong 807','Don','true','ph807','9000000','nv019'),
('Phong 808','VIP','false','ph808','7000000','nv023'),
('Phong 809','Tong Thong','true','ph809','9000000','nv024'),
('Phong 810','Tong Thong','false','ph810','7000000','nv028'),
('Phong 811','Doi','false','ph811','9000000','nv029'),
('Phong 812','VIP','true','ph812','9000000','nv033'),
('Phong 813','Don','false','ph813','2000000','nv034'),
('Phong 814','Tong Thong','true','ph814','4000000','nv038'),
('Phong 815','Don','true','ph815','9000000','nv039'),
('Phong 816','Gia dinh','false','ph816','8000000','nv043'),
('Phong 817','Doi','false','ph817','1000000','nv044'),
('Phong 818','Doi','false','ph818','1000000','nv048'),
('Phong 819','Doi','false','ph819','2000000','nv049'),
('Phong 820','Gia dinh','true','ph820','9000000','nv053'),
('Phong 821','Don','false','ph821','7000000','nv054'),
('Phong 822','Doi','false','ph822','7000000','nv058'),
('Phong 823','Tong Thong','false','ph823','8000000','nv059'),
('Phong 824','Doi','false','ph824','10000000','nv063'),
('Phong 825','Don','true','ph825','8000000','nv064'),
('Phong 826','VIP','true','ph826','4000000','nv068'),
('Phong 827','VIP','true','ph827','6000000','nv069'),
('Phong 828','Doi','true','ph828','5000000','nv073'),
('Phong 829','Tong Thong','true','ph829','3000000','nv074'),
('Phong 830','Doi','true','ph830','9000000','nv078'),
('Phong 831','Gia dinh','true','ph831','9000000','nv079'),
('Phong 832','Doi','true','ph832','1000000','nv083'),
('Phong 833','Tong Thong','false','ph833','4000000','nv084'),
('Phong 834','VIP','true','ph834','10000000','nv088'),
('Phong 835','Doi','false','ph835','7000000','nv089'),
('Phong 836','Don','true','ph836','5000000','nv093'),
('Phong 837','Doi','true','ph837','3000000','nv094'),
('Phong 838','Doi','true','ph838','9000000','nv098'),
('Phong 839','Tong Thong','false','ph839','8000000','nv099'),
('Phong 840','Doi','false','ph840','9000000','nv103'),
('Phong 841','VIP','false','ph841','7000000','nv104'),
('Phong 842','Doi','true','ph842','4000000','nv108'),
('Phong 843','Doi','false','ph843','6000000','nv109'),
('Phong 844','Tong Thong','true','ph844','6000000','nv113'),
('Phong 845','VIP','true','ph845','1000000','nv114'),
('Phong 846','Gia dinh','true','ph846','4000000','nv118'),
('Phong 847','Gia dinh','false','ph847','4000000','nv119'),
('Phong 848','Doi','false','ph848','8000000','nv123'),
('Phong 849','Doi','true','ph849','1000000','nv124'),
('Phong 850','Don','true','ph850','9000000','nv128'),
('Phong 851','Doi','false','ph851','8000000','nv129'),
('Phong 852','Gia dinh','false','ph852','8000000','nv133'),
('Phong 853','Tong Thong','false','ph853','2000000','nv134'),
('Phong 854','Gia dinh','false','ph854','3000000','nv138'),
('Phong 855','VIP','true','ph855','10000000','nv139'),
('Phong 856','Gia dinh','true','ph856','1000000','nv143'),
('Phong 857','Gia dinh','false','ph857','9000000','nv144'),
('Phong 858','Don','true','ph858','10000000','nv148'),
('Phong 859','Gia dinh','false','ph859','6000000','nv149'),
('Phong 860','Gia dinh','true','ph860','6000000','nv153'),
('Phong 861','VIP','false','ph861','1000000','nv154'),
('Phong 862','Don','true','ph862','3000000','nv158'),
('Phong 863','Don','true','ph863','3000000','nv159'),
('Phong 864','Tong Thong','false','ph864','1000000','nv163'),
('Phong 865','Tong Thong','true','ph865','1000000','nv164'),
('Phong 866','Doi','true','ph866','5000000','nv168'),
('Phong 867','VIP','true','ph867','9000000','nv169'),
('Phong 868','Gia dinh','true','ph868','6000000','nv173'),
('Phong 869','Tong Thong','true','ph869','1000000','nv174'),
('Phong 870','Don','false','ph870','3000000','nv178'),
('Phong 871','VIP','false','ph871','10000000','nv179'),
('Phong 872','Tong Thong','false','ph872','8000000','nv183'),
('Phong 873','Gia dinh','false','ph873','8000000','nv184'),
('Phong 874','VIP','true','ph874','4000000','nv188'),
('Phong 875','Don','false','ph875','2000000','nv189'),
('Phong 876','Gia dinh','false','ph876','9000000','nv193'),
('Phong 877','Doi','true','ph877','5000000','nv194'),
('Phong 878','Don','true','ph878','1000000','nv198'),
('Phong 879','Doi','true','ph879','2000000','nv199'),
('Phong 880','Gia dinh','true','ph880','5000000','nv203'),
('Phong 881','Gia dinh','true','ph881','9000000','nv204'),
('Phong 882','Don','false','ph882','1000000','nv208'),
('Phong 883','Doi','true','ph883','10000000','nv209'),
('Phong 884','Gia dinh','false','ph884','1000000','nv213'),
('Phong 885','Don','true','ph885','4000000','nv214'),
('Phong 886','Doi','false','ph886','8000000','nv218'),
('Phong 887','VIP','true','ph887','2000000','nv219'),
('Phong 888','Gia dinh','false','ph888','1000000','nv223'),
('Phong 889','VIP','true','ph889','9000000','nv224'),
('Phong 890','Don','false','ph890','1000000','nv228'),
('Phong 891','Gia dinh','false','ph891','5000000','nv229'),
('Phong 892','VIP','false','ph892','1000000','nv233'),
('Phong 893','Gia dinh','true','ph893','7000000','nv234'),
('Phong 894','Don','false','ph894','2000000','nv238'),
('Phong 895','Gia dinh','false','ph895','7000000','nv239'),
('Phong 896','Doi','true','ph896','7000000','nv243'),
('Phong 897','Tong Thong','true','ph897','4000000','nv244'),
('Phong 898','Doi','true','ph898','7000000','nv248'),
('Phong 899','VIP','false','ph899','7000000','nv249'),
('Phong 900','VIP','true','ph900','2000000','nv253'),
('Phong 901','Doi','true','ph901','8000000','nv254'),
('Phong 902','Doi','false','ph902','8000000','nv258'),
('Phong 903','Don','false','ph903','3000000','nv259'),
('Phong 904','Tong Thong','false','ph904','7000000','nv263'),
('Phong 905','Doi','false','ph905','4000000','nv264'),
('Phong 906','Tong Thong','true','ph906','9000000','nv268'),
('Phong 907','Tong Thong','true','ph907','10000000','nv269'),
('Phong 908','Doi','true','ph908','1000000','nv273'),
('Phong 909','Gia dinh','false','ph909','5000000','nv274'),
('Phong 910','Gia dinh','false','ph910','5000000','nv278'),
('Phong 911','Don','false','ph911','4000000','nv279'),
('Phong 912','Gia dinh','true','ph912','6000000','nv283'),
('Phong 913','Don','true','ph913','10000000','nv284'),
('Phong 914','VIP','false','ph914','10000000','nv288'),
('Phong 915','Don','false','ph915','2000000','nv289'),
('Phong 916','Doi','false','ph916','1000000','nv293'),
('Phong 917','Gia dinh','false','ph917','9000000','nv294'),
('Phong 918','Tong Thong','true','ph918','6000000','nv298'),
('Phong 919','Don','true','ph919','1000000','nv299'),
('Phong 920','Doi','true','ph920','4000000','nv303'),
('Phong 921','Don','true','ph921','6000000','nv304'),
('Phong 922','Gia dinh','true','ph922','4000000','nv308'),
('Phong 923','Don','false','ph923','1000000','nv309'),
('Phong 924','Tong Thong','true','ph924','1000000','nv313'),
('Phong 925','VIP','false','ph925','6000000','nv314'),
('Phong 926','Gia dinh','true','ph926','6000000','nv318'),
('Phong 927','Gia dinh','false','ph927','10000000','nv319'),
('Phong 928','VIP','false','ph928','8000000','nv323'),
('Phong 929','Doi','false','ph929','6000000','nv324'),
('Phong 930','Don','false','ph930','6000000','nv328'),
('Phong 931','Doi','true','ph931','7000000','nv329'),
('Phong 932','Doi','false','ph932','2000000','nv333'),
('Phong 933','Gia dinh','false','ph933','9000000','nv334'),
('Phong 934','Gia dinh','false','ph934','4000000','nv338'),
('Phong 935','Gia dinh','false','ph935','7000000','nv339'),
('Phong 936','Tong Thong','false','ph936','1000000','nv343'),
('Phong 937','Don','false','ph937','4000000','nv344'),
('Phong 938','VIP','true','ph938','2000000','nv348'),
('Phong 939','Gia dinh','false','ph939','7000000','nv349'),
('Phong 940','Don','true','ph940','7000000','nv353'),
('Phong 941','Gia dinh','true','ph941','10000000','nv354'),
('Phong 942','Doi','false','ph942','7000000','nv358'),
('Phong 943','VIP','false','ph943','5000000','nv359'),
('Phong 944','Don','false','ph944','8000000','nv363'),
('Phong 945','Doi','false','ph945','7000000','nv364'),
('Phong 946','VIP','true','ph946','6000000','nv368'),
('Phong 947','Don','false','ph947','5000000','nv369'),
('Phong 948','Gia dinh','true','ph948','5000000','nv373'),
('Phong 949','Tong Thong','false','ph949','4000000','nv374'),
('Phong 950','Gia dinh','false','ph950','1000000','nv378'),
('Phong 951','Gia dinh','true','ph951','4000000','nv379'),
('Phong 952','VIP','true','ph952','1000000','nv383'),
('Phong 953','Don','true','ph953','2000000','nv384'),
('Phong 954','Tong Thong','false','ph954','4000000','nv388'),
('Phong 955','Tong Thong','true','ph955','6000000','nv389'),
('Phong 956','Don','true','ph956','4000000','nv393'),
('Phong 957','Doi','true','ph957','8000000','nv394'),
('Phong 958','Gia dinh','true','ph958','9000000','nv398'),
('Phong 959','Gia dinh','false','ph959','3000000','nv399'),
('Phong 960','Doi','true','ph960','7000000','nv403'),
('Phong 961','Don','true','ph961','6000000','nv404'),
('Phong 962','Doi','true','ph962','2000000','nv408'),
('Phong 963','Tong Thong','false','ph963','10000000','nv409'),
('Phong 964','Gia dinh','false','ph964','8000000','nv413'),
('Phong 965','VIP','true','ph965','4000000','nv414'),
('Phong 966','Tong Thong','true','ph966','8000000','nv418'),
('Phong 967','Doi','true','ph967','9000000','nv419'),
('Phong 968','VIP','true','ph968','4000000','nv423'),
('Phong 969','Gia dinh','false','ph969','2000000','nv424'),
('Phong 970','VIP','false','ph970','2000000','nv428'),
('Phong 971','VIP','false','ph971','4000000','nv429'),
('Phong 972','Gia dinh','true','ph972','3000000','nv433'),
('Phong 973','Don','true','ph973','6000000','nv434'),
('Phong 974','Doi','false','ph974','3000000','nv438'),
('Phong 975','Don','true','ph975','5000000','nv439'),
('Phong 976','VIP','false','ph976','6000000','nv443'),
('Phong 977','VIP','true','ph977','1000000','nv444'),
('Phong 978','Gia dinh','false','ph978','2000000','nv448'),
('Phong 979','Doi','false','ph979','2000000','nv449'),
('Phong 980','Doi','true','ph980','7000000','nv453'),
('Phong 981','Don','true','ph981','9000000','nv454'),
('Phong 982','VIP','false','ph982','1000000','nv458'),
('Phong 983','VIP','true','ph983','1000000','nv459'),
('Phong 984','Gia dinh','false','ph984','1000000','nv463'),
('Phong 985','VIP','false','ph985','9000000','nv464'),
('Phong 986','Don','false','ph986','8000000','nv468'),
('Phong 987','Gia dinh','false','ph987','1000000','nv469'),
('Phong 988','Gia dinh','true','ph988','2000000','nv473'),
('Phong 989','Tong Thong','false','ph989','9000000','nv474'),
('Phong 990','VIP','false','ph990','5000000','nv478'),
('Phong 991','Gia dinh','false','ph991','10000000','nv479'),
('Phong 992','Tong Thong','false','ph992','2000000','nv483'),
('Phong 993','Don','true','ph993','3000000','nv484'),
('Phong 994','Don','false','ph994','7000000','nv488'),
('Phong 995','Doi','true','ph995','2000000','nv489'),
('Phong 996','Don','true','ph996','8000000','nv493'),
('Phong 997','Gia dinh','true','ph997','5000000','nv494'),
('Phong 998','Don','false','ph998','7000000','nv498'),
('Phong 999','VIP','true','ph999','10000000','nv499')
use quan_ly_khach_san
go
insert into Thanh_toan(ID_Khach_hang, ID_Hoa_don, ID_Phong) values
('kh091','hd001','ph489'),
('kh048','hd002','ph650'),
('kh534','hd003','ph779'),
('kh146','hd004','ph448'),
('kh599','hd005','ph327'),
('kh535','hd006','ph285'),
('kh280','hd007','ph023'),
('kh286','hd008','ph727'),
('kh446','hd009','ph029'),
('kh610','hd010','ph350'),
('kh339','hd011','ph322'),
('kh676','hd012','ph863'),
('kh036','hd013','ph728'),
('kh352','hd014','ph357'),
('kh126','hd015','ph085'),
('kh164','hd016','ph209'),
('kh103','hd017','ph573'),
('kh007','hd018','ph401'),
('kh016','hd019','ph204'),
('kh578','hd020','ph800'),
('kh420','hd021','ph196'),
('kh245','hd022','ph846'),
('kh050','hd023','ph592'),
('kh290','hd024','ph544'),
('kh324','hd025','ph289'),
('kh153','hd026','ph502'),
('kh548','hd027','ph674'),
('kh473','hd028','ph555'),
('kh425','hd029','ph849'),
('kh066','hd030','ph286'),
('kh029','hd031','ph072'),
('kh370','hd032','ph558'),
('kh515','hd033','ph230'),
('kh561','hd034','ph957'),
('kh441','hd035','ph568'),
('kh172','hd036','ph792'),
('kh088','hd037','ph431'),
('kh063','hd038','ph651'),
('kh044','hd039','ph445'),
('kh651','hd040','ph387'),
('kh631','hd041','ph408'),
('kh552','hd042','ph250'),
('kh140','hd043','ph048'),
('kh247','hd044','ph572'),
('kh418','hd045','ph775'),
('kh409','hd046','ph565'),
('kh617','hd047','ph640'),
('kh622','hd048','ph092'),
('kh189','hd049','ph856'),
('kh087','hd050','ph185'),
('kh621','hd051','ph282'),
('kh058','hd052','ph957'),
('kh250','hd053','ph589'),
('kh281','hd054','ph105'),
('kh413','hd055','ph591'),
('kh332','hd056','ph820'),
('kh166','hd057','ph956'),
('kh657','hd058','ph432'),
('kh144','hd059','ph896'),
('kh012','hd060','ph333'),
('kh062','hd061','ph062'),
('kh251','hd062','ph301'),
('kh319','hd063','ph521'),
('kh303','hd064','ph495'),
('kh422','hd065','ph966'),
('kh187','hd066','ph254'),
('kh551','hd067','ph809'),
('kh571','hd068','ph506'),
('kh289','hd069','ph121'),
('kh487','hd070','ph748'),
('kh632','hd071','ph777'),
('kh529','hd072','ph881'),
('kh035','hd073','ph047'),
('kh406','hd074','ph397'),
('kh220','hd075','ph863'),
('kh476','hd076','ph636'),
('kh084','hd077','ph007'),
('kh168','hd078','ph908'),
('kh222','hd079','ph019'),
('kh559','hd080','ph700'),
('kh479','hd081','ph458'),
('kh474','hd082','ph028'),
('kh687','hd083','ph495'),
('kh316','hd084','ph343'),
('kh427','hd085','ph807'),
('kh128','hd086','ph029'),
('kh525','hd087','ph488'),
('kh040','hd088','ph188'),
('kh285','hd089','ph391'),
('kh442','hd090','ph223'),
('kh256','hd091','ph145'),
('kh328','hd092','ph849'),
('kh145','hd093','ph298'),
('kh485','hd094','ph112'),
('kh380','hd095','ph513'),
('kh655','hd096','ph434'),
('kh276','hd097','ph802'),
('kh268','hd098','ph184'),
('kh377','hd099','ph572'),
('kh549','hd100','ph487'),
('kh492','hd101','ph411'),
('kh217','hd102','ph953'),
('kh199','hd103','ph361'),
('kh131','hd104','ph076'),
('kh371','hd105','ph662'),
('kh448','hd106','ph150'),
('kh054','hd107','ph495'),
('kh069','hd108','ph171'),
('kh192','hd109','ph294'),
('kh388','hd110','ph973'),
('kh696','hd111','ph519'),
('kh348','hd112','ph371'),
('kh533','hd113','ph286'),
('kh389','hd114','ph906'),
('kh669','hd115','ph881'),
('kh629','hd116','ph544'),
('kh171','hd117','ph965'),
('kh494','hd118','ph646'),
('kh154','hd119','ph018'),
('kh357','hd120','ph223'),
('kh270','hd121','ph064'),
('kh393','hd122','ph614'),
('kh312','hd123','ph030'),
('kh160','hd124','ph254'),
('kh331','hd125','ph133'),
('kh002','hd126','ph721'),
('kh219','hd127','ph136'),
('kh326','hd128','ph312'),
('kh574','hd129','ph421'),
('kh615','hd130','ph527'),
('kh477','hd131','ph223'),
('kh467','hd132','ph774'),
('kh075','hd133','ph866'),
('kh362','hd134','ph409'),
('kh143','hd135','ph887'),
('kh082','hd136','ph440'),
('kh682','hd137','ph099'),
('kh052','hd138','ph967'),
('kh043','hd139','ph205'),
('kh318','hd140','ph650'),
('kh037','hd141','ph588'),
('kh076','hd142','ph196'),
('kh266','hd143','ph784'),
('kh212','hd144','ph064'),
('kh538','hd145','ph795'),
('kh046','hd146','ph490'),
('kh667','hd147','ph828'),
('kh283','hd148','ph525'),
('kh156','hd149','ph735'),
('kh429','hd150','ph667'),
('kh432','hd151','ph117'),
('kh593','hd152','ph408'),
('kh341','hd153','ph085'),
('kh206','hd154','ph748'),
('kh077','hd155','ph578'),
('kh365','hd156','ph288'),
('kh083','hd157','ph026'),
('kh287','hd158','ph375'),
('kh581','hd159','ph605'),
('kh611','hd160','ph361'),
('kh557','hd161','ph513'),
('kh125','hd162','ph922'),
('kh049','hd163','ph759'),
('kh057','hd164','ph961'),
('kh614','hd165','ph112'),
('kh001','hd166','ph906'),
('kh350','hd167','ph525'),
('kh028','hd168','ph829'),
('kh065','hd169','ph531'),
('kh025','hd170','ph896'),
('kh238','hd171','ph795'),
('kh265','hd172','ph145'),
('kh626','hd173','ph573'),
('kh345','hd174','ph532'),
('kh592','hd175','ph425'),
('kh603','hd176','ph321'),
('kh681','hd177','ph318'),
('kh488','hd178','ph647'),
('kh509','hd179','ph589'),
('kh311','hd180','ph487'),
('kh646','hd181','ph078'),
('kh545','hd182','ph498'),
('kh188','hd183','ph756'),
('kh252','hd184','ph279'),
('kh277','hd185','ph104'),
('kh193','hd186','ph674'),
('kh403','hd187','ph522'),
('kh302','hd188','ph639'),
('kh159','hd189','ph344'),
('kh423','hd190','ph359'),
('kh620','hd191','ph920'),
('kh114','hd192','ph677'),
('kh601','hd193','ph757'),
('kh537','hd194','ph428'),
('kh701','hd195','ph208'),
('kh056','hd196','ph620'),
('kh137','hd197','ph066'),
('kh641','hd198','ph062'),
('kh523','hd199','ph041'),
('kh502','hd200','ph185'),
('kh606','hd201','ph995'),
('kh563','hd202','ph150'),
('kh401','hd203','ph092'),
('kh527','hd204','ph951'),
('kh572','hd205','ph878'),
('kh325','hd206','ph443'),
('kh073','hd207','ph006'),
('kh635','hd208','ph668'),
('kh587','hd209','ph489'),
('kh443','hd210','ph759'),
('kh259','hd211','ph165'),
('kh524','hd212','ph887'),
('kh299','hd213','ph369'),
('kh102','hd214','ph614'),
('kh307','hd215','ph091'),
('kh517','hd216','ph557'),
('kh005','hd217','ph445'),
('kh416','hd218','ph681'),
('kh275','hd219','ph620'),
('kh541','hd220','ph503'),
('kh294','hd221','ph152'),
('kh402','hd222','ph204'),
('kh030','hd223','ph235'),
('kh706','hd224','ph898'),
('kh511','hd225','ph213'),
('kh269','hd226','ph477'),
('kh359','hd227','ph018'),
('kh099','hd228','ph334'),
('kh184','hd229','ph258'),
('kh296','hd230','ph230'),
('kh177','hd231','ph358'),
('kh482','hd232','ph555'),
('kh013','hd233','ph807'),
('kh364','hd234','ph288'),
('kh674','hd235','ph100'),
('kh390','hd236','ph047'),
('kh291','hd237','ph374'),
('kh508','hd238','ph638'),
('kh009','hd239','ph152'),
('kh194','hd240','ph926'),
('kh475','hd241','ph778'),
('kh298','hd242','ph508'),
('kh021','hd243','ph496'),
('kh202','hd244','ph520'),
('kh582','hd245','ph040'),
('kh006','hd246','ph204'),
('kh373','hd247','ph130'),
('kh394','hd248','ph375'),
('kh526','hd249','ph725'),
('kh097','hd250','ph606'),
('kh652','hd251','ph296'),
('kh186','hd252','ph365'),
('kh385','hd253','ph506'),
('kh455','hd254','ph961'),
('kh368','hd255','ph205'),
('kh361','hd256','ph028'),
('kh267','hd257','ph196'),
('kh460','hd258','ph883'),
('kh648','hd259','ph639'),
('kh322','hd260','ph850'),
('kh616','hd261','ph429'),
('kh596','hd262','ph046'),
('kh034','hd263','ph160'),
('kh645','hd264','ph314'),
('kh100','hd265','ph918'),
('kh454','hd266','ph455'),
('kh038','hd267','ph390'),
('kh218','hd268','ph999'),
('kh412','hd269','ph834'),
('kh072','hd270','ph867'),
('kh686','hd271','ph961'),
('kh133','hd272','ph759'),
('kh305','hd273','ph557'),
('kh363','hd274','ph238'),
('kh489','hd275','ph497'),
('kh011','hd276','ph215'),
('kh235','hd277','ph463'),
('kh530','hd278','ph416'),
('kh497','hd279','ph152'),
('kh555','hd280','ph255'),
('kh230','hd281','ph812'),
('kh330','hd282','ph995'),
('kh569','hd283','ph070'),
('kh024','hd284','ph850'),
('kh512','hd285','ph252'),
('kh334','hd286','ph284'),
('kh304','hd287','ph176'),
('kh672','hd288','ph338'),
('kh236','hd289','ph279'),
('kh105','hd290','ph028'),
('kh608','hd291','ph119'),
('kh395','hd292','ph975'),
('kh680','hd293','ph474'),
('kh111','hd294','ph322'),
('kh004','hd295','ph041'),
('kh121','hd296','ph314'),
('kh340','hd297','ph020'),
('kh147','hd298','ph542'),
('kh113','hd299','ph757'),
('kh656','hd300','ph344'),
('kh300','hd301','ph031'),
('kh209','hd302','ph047'),
('kh662','hd303','ph995'),
('kh428','hd304','ph431'),
('kh349','hd305','ph333'),
('kh329','hd306','ph255'),
('kh456','hd307','ph809'),
('kh663','hd308','ph455'),
('kh540','hd309','ph591'),
('kh108','hd310','ph134'),
('kh447','hd311','ph346'),
('kh279','hd312','ph709'),
('kh544','hd313','ph333'),
('kh292','hd314','ph878'),
('kh471','hd315','ph084'),
('kh684','hd316','ph896'),
('kh284','hd317','ph151'),
('kh625','hd318','ph259'),
('kh399','hd319','ph392'),
('kh208','hd320','ph801'),
('kh343','hd321','ph121'),
('kh410','hd322','ph152'),
('kh650','hd323','ph777'),
('kh149','hd324','ph807'),
('kh468','hd325','ph527'),
('kh486','hd326','ph889'),
('kh042','hd327','ph104'),
('kh085','hd328','ph906'),
('kh503','hd329','ph860'),
('kh170','hd330','ph758'),
('kh237','hd331','ph476'),
('kh594','hd332','ph486'),
('kh469','hd333','ph013'),
('kh565','hd334','ph017'),
('kh169','hd335','ph145'),
('kh518','hd336','ph977'),
('kh132','hd337','ph130'),
('kh092','hd338','ph881'),
('kh496','hd339','ph726'),
('kh396','hd340','ph595'),
('kh136','hd341','ph977'),
('kh358','hd342','ph921'),
('kh344','hd343','ph072'),
('kh374','hd344','ph965'),
('kh337','hd345','ph120'),
('kh685','hd346','ph332'),
('kh398','hd347','ph592'),
('kh605','hd348','ph396'),
('kh372','hd349','ph555'),
('kh167','hd350','ph494'),
('kh293','hd351','ph993'),
('kh320','hd352','ph967'),
('kh095','hd353','ph837'),
('kh190','hd354','ph130'),
('kh704','hd355','ph518'),
('kh181','hd356','ph595'),
('kh039','hd357','ph908'),
('kh628','hd358','ph590'),
('kh679','hd359','ph630'),
('kh693','hd360','ph960'),
('kh060','hd361','ph280'),
('kh490','hd362','ph686'),
('kh185','hd363','ph999'),
('kh550','hd364','ph999'),
('kh542','hd365','ph685'),
('kh023','hd366','ph834'),
('kh249','hd367','ph913'),
('kh178','hd368','ph208'),
('kh598','hd369','ph188'),
('kh452','hd370','ph522'),
('kh689','hd371','ph832'),
('kh306','hd372','ph797'),
('kh439','hd373','ph103'),
('kh110','hd374','ph830'),
('kh613','hd375','ph783'),
('kh314','hd376','ph252'),
('kh391','hd377','ph568'),
('kh653','hd378','ph725'),
('kh195','hd379','ph392'),
('kh633','hd380','ph046'),
('kh346','hd381','ph606'),
('kh553','hd382','ph532'),
('kh691','hd383','ph325'),
('kh554','hd384','ph216'),
('kh301','hd385','ph966'),
('kh450','hd386','ph230'),
('kh417','hd387','ph630'),
('kh366','hd388','ph693'),
('kh141','hd389','ph138'),
('kh387','hd390','ph931'),
('kh480','hd391','ph084'),
('kh465','hd392','ph900'),
('kh104','hd393','ph074'),
('kh253','hd394','ph912'),
('kh506','hd395','ph842'),
('kh109','hd396','ph685'),
('kh580','hd397','ph087'),
('kh638','hd398','ph448'),
('kh556','hd399','ph758'),
('kh547','hd400','ph865'),
('kh462','hd401','ph116'),
('kh224','hd402','ph518'),
('kh694','hd403','ph298'),
('kh197','hd404','ph229'),
('kh027','hd405','ph867'),
('kh379','hd406','ph551'),
('kh010','hd407','ph781'),
('kh228','hd408','ph901'),
('kh098','hd409','ph343'),
('kh273','hd410','ph555'),
('kh254','hd411','ph635'),
('kh444','hd412','ph735'),
('kh440','hd413','ph064'),
('kh226','hd414','ph011'),
('kh089','hd415','ph638'),
('kh546','hd416','ph627'),
('kh675','hd417','ph646'),
('kh246','hd418','ph756'),
('kh576','hd419','ph042'),
('kh135','hd420','ph280'),
('kh411','hd421','ph390'),
('kh221','hd422','ph862'),
('kh321','hd423','ph716'),
('kh123','hd424','ph203'),
('kh152','hd425','ph020'),
('kh419','hd426','ph589'),
('kh120','hd427','ph648'),
('kh317','hd428','ph381'),
('kh182','hd429','ph507'),
('kh528','hd430','ph126'),
('kh436','hd431','ph564'),
('kh566','hd432','ph031'),
('kh067','hd433','ph597'),
('kh353','hd434','ph887'),
('kh064','hd435','ph018'),
('kh018','hd436','ph016'),
('kh213','hd437','ph732'),
('kh203','hd438','ph647'),
('kh522','hd439','ph290'),
('kh690','hd440','ph325'),
('kh498','hd441','ph092'),
('kh639','hd442','ph463'),
('kh295','hd443','ph977'),
('kh070','hd444','ph716'),
('kh130','hd445','ph229'),
('kh207','hd446','ph722'),
('kh200','hd447','ph092'),
('kh560','hd448','ph224'),
('kh453','hd449','ph294'),
('kh258','hd450','ph496'),
('kh059','hd451','ph290'),
('kh119','hd452','ph732'),
('kh335','hd453','ph555'),
('kh405','hd454','ph597'),
('kh288','hd455','ph474'),
('kh112','hd456','ph065'),
('kh658','hd457','ph448'),
('kh668','hd458','ph432'),
('kh080','hd459','ph219'),
('kh244','hd460','ph190'),
('kh313','hd461','ph294'),
('kh408','hd462','ph588'),
('kh585','hd463','ph316'),
('kh521','hd464','ph226'),
('kh513','hd465','ph674'),
('kh239','hd466','ph120'),
('kh175','hd467','ph552'),
('kh381','hd468','ph732'),
('kh180','hd469','ph878'),
('kh142','hd470','ph709'),
('kh155','hd471','ph007'),
('kh612','hd472','ph878'),
('kh670','hd473','ph650'),
('kh355','hd474','ph770'),
('kh504','hd475','ph825'),
('kh017','hd476','ph878'),
('kh579','hd477','ph877'),
('kh483','hd478','ph431'),
('kh382','hd479','ph141'),
('kh510','hd480','ph520'),
('kh433','hd481','ph054'),
('kh634','hd482','ph455'),
('kh692','hd483','ph981'),
('kh262','hd484','ph502'),
('kh491','hd485','ph105'),
('kh505','hd486','ph926'),
('kh707','hd487','ph525'),
('kh400','hd488','ph187'),
('kh148','hd489','ph783'),
('kh642','hd490','ph504'),
('kh426','hd491','ph948'),
('kh116','hd492','ph844'),
('kh568','hd493','ph858'),
('kh257','hd494','ph728'),
('kh624','hd495','ph977'),
('kh278','hd496','ph844'),
('kh367','hd497','ph163'),
('kh431','hd498','ph116'),
('kh079','hd499','ph190'),
('kh507','hd500','ph023'),
('kh090','hd501','ph877'),
('kh232','hd502','ph953'),
('kh204','hd503','ph502'),
('kh139','hd504','ph525'),
('kh053','hd505','ph434'),
('kh708','hd506','ph858'),
('kh478','hd507','ph337'),
('kh234','hd508','ph946'),
('kh558','hd509','ph521'),
('kh404','hd510','ph299'),
('kh161','hd511','ph156'),
('kh591','hd512','ph668'),
('kh032','hd513','ph029'),
('kh640','hd514','ph862'),
('kh351','hd515','ph538'),
('kh375','hd516','ph409'),
('kh710','hd517','ph578'),
('kh227','hd518','ph458'),
('kh643','hd519','ph087'),
('kh623','hd520','ph204'),
('kh055','hd521','ph958'),
('kh659','hd522','ph503'),
('kh369','hd523','ph661'),
('kh096','hd524','ph656'),
('kh564','hd525','ph855'),
('kh045','hd526','ph299'),
('kh397','hd527','ph022'),
('kh688','hd528','ph307'),
('kh493','hd529','ph114'),
('kh051','hd530','ph962'),
('kh532','hd531','ph205'),
('kh201','hd532','ph437'),
('kh174','hd533','ph484'),
('kh649','hd534','ph252'),
('kh609','hd535','ph595'),
('kh519','hd536','ph022'),
('kh589','hd537','ph705'),
('kh356','hd538','ph374'),
('kh386','hd539','ph322'),
('kh407','hd540','ph972'),
('kh514','hd541','ph589'),
('kh308','hd542','ph591'),
('kh081','hd543','ph285'),
('kh211','hd544','ph981'),
('kh015','hd545','ph076'),
('kh577','hd546','ph498'),
('kh461','hd547','ph254'),
('kh671','hd548','ph325'),
('kh260','hd549','ph476'),
('kh214','hd550','ph280'),
('kh347','hd551','ph196'),
('kh595','hd552','ph777'),
('kh026','hd553','ph319'),
('kh664','hd554','ph496'),
('kh022','hd555','ph856'),
('kh163','hd556','ph844'),
('kh660','hd557','ph522'),
('kh499','hd558','ph487'),
('kh567','hd559','ph195'),
('kh215','hd560','ph148'),
('kh255','hd561','ph126'),
('kh179','hd562','ph591'),
('kh472','hd563','ph259'),
('kh424','hd564','ph498'),
('kh210','hd565','ph759'),
('kh466','hd566','ph735'),
('kh600','hd567','ph783'),
('kh261','hd568','ph391'),
('kh150','hd569','ph007'),
('kh157','hd570','ph358'),
('kh068','hd571','ph683'),
('kh457','hd572','ph216'),
('kh463','hd573','ph938'),
('kh590','hd574','ph299'),
('kh697','hd575','ph325'),
('kh654','hd576','ph020'),
('kh327','hd577','ph938'),
('kh573','hd578','ph951'),
('kh138','hd579','ph244'),
('kh586','hd580','ph893'),
('kh539','hd581','ph263'),
('kh421','hd582','ph466'),
('kh165','hd583','ph540'),
('kh333','hd584','ph962'),
('kh709','hd585','ph046'),
('kh003','hd586','ph588'),
('kh264','hd587','ph496'),
('kh384','hd588','ph138'),
('kh637','hd589','ph020'),
('kh464','hd590','ph229'),
('kh093','hd591','ph798'),
('kh342','hd592','ph492'),
('kh698','hd593','ph041'),
('kh338','hd594','ph191'),
('kh151','hd595','ph204'),
('kh107','hd596','ph838'),
('kh583','hd597','ph235'),
('kh531','hd598','ph215'),
('kh683','hd599','ph026'),
('kh459','hd600','ph980'),
('kh449','hd601','ph074'),
('kh501','hd602','ph832'),
('kh437','hd603','ph112'),
('kh376','hd604','ph216'),
('kh607','hd605','ph220'),
('kh700','hd606','ph367'),
('kh047','hd607','ph056'),
('kh597','hd608','ph094'),
('kh122','hd609','ph321'),
('kh415','hd610','ph433'),
('kh216','hd611','ph058'),
('kh240','hd612','ph375'),
('kh274','hd613','ph041'),
('kh019','hd614','ph530'),
('kh604','hd615','ph612'),
('kh196','hd616','ph098'),
('kh618','hd617','ph076'),
('kh071','hd618','ph425'),
('kh101','hd619','ph919'),
('kh584','hd620','ph759'),
('kh282','hd621','ph316'),
('kh430','hd622','ph354'),
('kh229','hd623','ph043'),
('kh588','hd624','ph689'),
('kh233','hd625','ph066'),
('kh020','hd626','ph836'),
('kh115','hd627','ph006'),
('kh323','hd628','ph140'),
('kh665','hd629','ph668'),
('kh627','hd630','ph725'),
('kh061','hd631','ph588'),
('kh575','hd632','ph484'),
('kh117','hd633','ph648'),
('kh602','hd634','ph288'),
('kh673','hd635','ph258'),
('kh434','hd636','ph373'),
('kh481','hd637','ph087'),
('kh205','hd638','ph163'),
('kh225','hd639','ph629'),
('kh677','hd640','ph011'),
('kh129','hd641','ph578'),
('kh031','hd642','ph226'),
('kh543','hd643','ph346'),
('kh570','hd644','ph656'),
('kh438','hd645','ph794'),
('kh248','hd646','ph518'),
('kh309','hd647','ph711'),
('kh198','hd648','ph020'),
('kh094','hd649','ph298'),
('kh354','hd650','ph215'),
('kh336','hd651','ph953'),
('kh702','hd652','ph220'),
('kh074','hd653','ph948'),
('kh699','hd654','ph506'),
('kh127','hd655','ph119'),
('kh124','hd656','ph421'),
('kh263','hd657','ph972'),
('kh678','hd658','ph196'),
('kh297','hd659','ph837'),
('kh500','hd660','ph531'),
('kh484','hd661','ph940'),
('kh118','hd662','ph007'),
('kh644','hd663','ph568'),
('kh086','hd664','ph479'),
('kh703','hd665','ph948'),
('kh414','hd666','ph572'),
('kh183','hd667','ph764'),
('kh014','hd668','ph431'),
('kh458','hd669','ph575'),
('kh191','hd670','ph409'),
('kh078','hd671','ph534'),
('kh647','hd672','ph277'),
('kh495','hd673','ph926'),
('kh173','hd674','ph531'),
('kh242','hd675','ph628'),
('kh310','hd676','ph229'),
('kh271','hd677','ph409'),
('kh241','hd678','ph554'),
('kh445','hd679','ph411'),
('kh272','hd680','ph121'),
('kh562','hd681','ph357'),
('kh315','hd682','ph051'),
('kh223','hd683','ph647'),
('kh158','hd684','ph360'),
('kh008','hd685','ph453'),
('kh383','hd686','ph561'),
('kh636','hd687','ph975'),
('kh695','hd688','ph078'),
('kh630','hd689','ph801'),
('kh705','hd690','ph499'),
('kh378','hd691','ph532'),
('kh162','hd692','ph350'),
('kh536','hd693','ph318'),
('kh435','hd694','ph150'),
('kh392','hd695','ph592'),
('kh106','hd696','ph900'),
('kh033','hd697','ph293'),
('kh516','hd698','ph912'),
('kh231','hd699','ph350'),
('kh520','hd700','ph653'),
('kh176','hd701','ph151'),
('kh666','hd702','ph362'),
('kh243','hd703','ph881'),
('kh661','hd704','ph705'),
('kh041','hd705','ph121'),
('kh470','hd706','ph431'),
('kh451','hd707','ph809'),
('kh619','hd708','ph544'),
('kh134','hd709','ph504'),
('kh360','hd710','ph301'),
('kh150','hd711','ph443'),
('kh019','hd712','ph997'),
('kh057','hd713','ph156'),
('kh233','hd714','ph552'),
('kh638','hd715','ph781'),
('kh653','hd716','ph350'),
('kh291','hd717','ph361'),
('kh070','hd718','ph190'),
('kh619','hd719','ph316'),
('kh582','hd720','ph046'),
('kh515','hd721','ph846'),
('kh077','hd722','ph184'),
('kh140','hd723','ph544'),
('kh022','hd724','ph612'),
('kh573','hd725','ph238'),
('kh552','hd726','ph651'),
('kh575','hd727','ph220'),
('kh147','hd728','ph219'),
('kh463','hd729','ph867'),
('kh554','hd730','ph827'),
('kh437','hd731','ph784'),
('kh663','hd732','ph981'),
('kh675','hd733','ph795'),
('kh203','hd734','ph831'),
('kh646','hd735','ph651'),
('kh537','hd736','ph084'),
('kh693','hd737','ph656'),
('kh354','hd738','ph995'),
('kh322','hd739','ph011'),
('kh565','hd740','ph263'),
('kh597','hd741','ph784'),
('kh214','hd742','ph750'),
('kh649','hd743','ph066'),
('kh398','hd744','ph967'),
('kh407','hd745','ph076'),
('kh535','hd746','ph236'),
('kh048','hd747','ph919'),
('kh239','hd748','ph121'),
('kh436','hd749','ph223'),
('kh631','hd750','ph492'),
('kh208','hd751','ph639'),
('kh702','hd752','ph849'),
('kh416','hd753','ph588'),
('kh069','hd754','ph675'),
('kh676','hd755','ph750'),
('kh557','hd756','ph518'),
('kh292','hd757','ph318'),
('kh386','hd758','ph555'),
('kh324','hd759','ph343'),
('kh492','hd760','ph960'),
('kh011','hd761','ph431'),
('kh306','hd762','ph099'),
('kh533','hd763','ph920'),
('kh245','hd764','ph646'),
('kh135','hd765','ph140'),
('kh514','hd766','ph176'),
('kh272','hd767','ph103'),
('kh249','hd768','ph477'),
('kh378','hd769','ph779'),
('kh339','hd770','ph774'),
('kh357','hd771','ph796'),
('kh240','hd772','ph453'),
('kh505','hd773','ph573'),
('kh529','hd774','ph931'),
('kh268','hd775','ph273'),
('kh139','hd776','ph711'),
('kh613','hd777','ph849'),
('kh485','hd778','ph661'),
('kh373','hd779','ph503'),
('kh684','hd780','ph280'),
('kh593','hd781','ph134'),
('kh498','hd782','ph399'),
('kh001','hd783','ph525'),
('kh059','hd784','ph472'),
('kh193','hd785','ph731'),
('kh141','hd786','ph898'),
('kh541','hd787','ph050'),
('kh594','hd788','ph908'),
('kh063','hd789','ph880'),
('kh143','hd790','ph554'),
('kh119','hd791','ph653'),
('kh488','hd792','ph148'),
('kh400','hd793','ph869'),
('kh337','hd794','ph662'),
('kh099','hd795','ph574'),
('kh434','hd796','ph434'),
('kh685','hd797','ph924'),
('kh361','hd798','ph960'),
('kh310','hd799','ph236'),
('kh201','hd800','ph906'),
('kh035','hd801','ph584'),
('kh283','hd802','ph072'),
('kh017','hd803','ph058'),
('kh121','hd804','ph265'),
('kh072','hd805','ph765'),
('kh405','hd806','ph188'),
('kh355','hd807','ph812'),
('kh674','hd808','ph946'),
('kh561','hd809','ph664'),
('kh227','hd810','ph595'),
('kh134','hd811','ph094'),
('kh116','hd812','ph238'),
('kh100','hd813','ph798'),
('kh237','hd814','ph502'),
('kh525','hd815','ph440'),
('kh241','hd816','ph677'),
('kh507','hd817','ph644'),
('kh155','hd818','ph662'),
('kh380','hd819','ph953'),
('kh096','hd820','ph325'),
('kh049','hd821','ph148'),
('kh671','hd822','ph396'),
('kh053','hd823','ph721'),
('kh114','hd824','ph521'),
('kh101','hd825','ph440'),
('kh281','hd826','ph812'),
('kh102','hd827','ph815'),
('kh025','hd828','ph130'),
('kh648','hd829','ph265'),
('kh277','hd830','ph918'),
('kh367','hd831','ph826'),
('kh440','hd832','ph371'),
('kh074','hd833','ph437'),
('kh465','hd834','ph448'),
('kh353','hd835','ph508'),
('kh388','hd836','ph047'),
('kh216','hd837','ph630'),
('kh491','hd838','ph263'),
('kh543','hd839','ph394'),
('kh341','hd840','ph783'),
('kh460','hd841','ph614'),
('kh410','hd842','ph155'),
('kh073','hd843','ph615'),
('kh476','hd844','ph277'),
('kh105','hd845','ph394'),
('kh352','hd846','ph957'),
('kh658','hd847','ph136'),
('kh692','hd848','ph130'),
('kh081','hd849','ph554'),
('kh109','hd850','ph527'),
('kh383','hd851','ph557'),
('kh308','hd852','ph408'),
('kh551','hd853','ph973'),
('kh209','hd854','ph836'),
('kh085','hd855','ph966'),
('kh532','hd856','ph750'),
('kh160','hd857','ph584'),
('kh520','hd858','ph554'),
('kh503','hd859','ph282'),
('kh418','hd860','ph314'),
('kh299','hd861','ph220'),
('kh258','hd862','ph931'),
('kh334','hd863','ph286'),
('kh578','hd864','ph362'),
('kh519','hd865','ph069'),
('kh455','hd866','ph299'),
('kh517','hd867','ph151'),
('kh199','hd868','ph794'),
('kh572','hd869','ph529'),
('kh164','hd870','ph967'),
('kh432','hd871','ph488'),
('kh477','hd872','ph205'),
('kh257','hd873','ph219'),
('kh391','hd874','ph357'),
('kh431','hd875','ph592'),
('kh263','hd876','ph784'),
('kh097','hd877','ph523'),
('kh376','hd878','ph244'),
('kh522','hd879','ph887'),
('kh516','hd880','ph462'),
('kh179','hd881','ph489'),
('kh169','hd882','ph661'),
('kh286','hd883','ph865'),
('kh375','hd884','ph658'),
('kh133','hd885','ph382'),
('kh181','hd886','ph628'),
('kh482','hd887','ph863'),
('kh617','hd888','ph605'),
('kh056','hd889','ph956'),
('kh174','hd890','ph358'),
('kh513','hd891','ph136'),
('kh170','hd892','ph494'),
('kh412','hd893','ph381'),
('kh312','hd894','ph048'),
('kh062','hd895','ph725'),
('kh106','hd896','ph527'),
('kh015','hd897','ph893'),
('kh583','hd898','ph042'),
('kh609','hd899','ph534'),
('kh038','hd900','ph900'),
('kh605','hd901','ph494'),
('kh093','hd902','ph123'),
('kh480','hd903','ph534'),
('kh591','hd904','ph850'),
('kh481','hd905','ph013'),
('kh126','hd906','ph584'),
('kh445','hd907','ph258'),
('kh243','hd908','ph496'),
('kh060','hd909','ph495'),
('kh248','hd910','ph877'),
('kh171','hd911','ph215'),
('kh220','hd912','ph112'),
('kh041','hd913','ph371'),
('kh681','hd914','ph099'),
('kh687','hd915','ph664'),
('kh080','hd916','ph531'),
('kh191','hd917','ph208'),
('kh115','hd918','ph557'),
('kh125','hd919','ph052'),
('kh016','hd920','ph907'),
('kh178','hd921','ph146'),
('kh450','hd922','ph311'),
('kh608','hd923','ph023'),
('kh309','hd924','ph636'),
('kh683','hd925','ph411'),
('kh397','hd926','ph539'),
('kh451','hd927','ph253'),
('kh020','hd928','ph705'),
('kh013','hd929','ph792'),
('kh278','hd930','ph254'),
('kh091','hd931','ph997'),
('kh664','hd932','ph163'),
('kh530','hd933','ph629'),
('kh087','hd934','ph758'),
('kh356','hd935','ph735'),
('kh709','hd936','ph896'),
('kh142','hd937','ph977'),
('kh521','hd938','ph640'),
('kh304','hd939','ph513'),
('kh612','hd940','ph931'),
('kh634','hd941','ph630'),
('kh372','hd942','ph411'),
('kh158','hd943','ph983'),
('kh639','hd944','ph219'),
('kh379','hd945','ph088'),
('kh689','hd946','ph092'),
('kh483','hd947','ph301'),
('kh704','hd948','ph650'),
('kh428','hd949','ph518'),
('kh365','hd950','ph636'),
('kh044','hd951','ph148'),
('kh307','hd952','ph187'),
('kh168','hd953','ph006'),
('kh710','hd954','ph382'),
('kh032','hd955','ph562'),
('kh076','hd956','ph862'),
('kh622','hd957','ph084'),
('kh003','hd958','ph836'),
('kh050','hd959','ph798'),
('kh682','hd960','ph549'),
('kh504','hd961','ph825'),
('kh678','hd962','ph885'),
('kh084','hd963','ph919'),
('kh317','hd964','ph530'),
('kh228','hd965','ph190'),
('kh271','hd966','ph555'),
('kh621','hd967','ph512'),
('kh177','hd968','ph258'),
('kh333','hd969','ph924'),
('kh556','hd970','ph568'),
('kh094','hd971','ph002'),
('kh577','hd972','ph759'),
('kh340','hd973','ph067'),
('kh127','hd974','ph562'),
('kh586','hd975','ph993'),
('kh670','hd976','ph975'),
('kh624','hd977','ph628'),
('kh392','hd978','ph163'),
('kh441','hd979','ph522'),
('kh589','hd980','ph565'),
('kh364','hd981','ph087'),
('kh616','hd982','ph584'),
('kh270','hd983','ph674'),
('kh399','hd984','ph484'),
('kh615','hd985','ph255'),
('kh298','hd986','ph104'),
('kh023','hd987','ph235'),
('kh224','hd988','ph542'),
('kh034','hd989','ph381'),
('kh508','hd990','ph798'),
('kh189','hd991','ph205'),
('kh187','hd992','ph250'),
('kh438','hd993','ph365'),
('kh021','hd994','ph126'),
('kh390','hd995','ph503'),
('kh153','hd996','ph967'),
('kh588','hd997','ph731'),
('kh461','hd998','ph683'),
('kh247','hd999','ph530')